1,fhmlfvubryli,fhmlfvubryliefqapyhsdvxvb@gmail.com,7732813431,www.fhmlfvubryli.com,cmubxkmug
2,tevprnfnxdjm,tevprnfnxdjmovdgruththusj@gmail.com,4820366867,www.tevprnfnxdjm.com,rqxasplduc
3,nqntynjlse,nqntynjlselxeqivcpins@gmail.com,6587643837,www.nqntynjlse.com,yfjmnbjaskwyhlq
4,bhohmkpuapyfua,bhohmkpuapyfuatwlividkcmobora@gmail.com,4403342307,www.bhohmkpuapyfua.com,mfvenpvqpdyc
5,ksgsljuke,ksgsljukemqroiejtpk@gmail.com,2468555780,www.ksgsljuke.com,honjkqgwo
6,ggpctatig,ggpctatiguepdnphtub@gmail.com,4652605386,www.ggpctatig.com,pejogqooevt
7,teassnnmvc,teassnnmvceqwveksfrkf@gmail.com,3802600674,www.teassnnmvc.com,ykaqopmko
8,iilfepai,iilfepaijygncqemo@gmail.com,877650521,www.iilfepai.com,bgukvgux
9,grvmthycnqj,grvmthycnqjblnqtpftqqho@gmail.com,6542636135,www.grvmthycnqj.com,wxqvbvphaoniw
10,nvobswmfa,nvobswmfawrhlwybqqq@gmail.com,7048682241,www.nvobswmfa.com,bjsrekgtihgala
11,hcocwweuktt,hcocwweukttovndduqekdvs@gmail.com,7140387156,www.hcocwweuktt.com,rtpsutacafujsj
12,igwtlihvhmrsif,igwtlihvhmrsifydlwlbuirtikans@gmail.com,1473340723,www.igwtlihvhmrsif.com,sgiveqadxnwngl
13,upfcdddf,upfcdddfhsdqpcpbh@gmail.com,6325647250,www.upfcdddf.com,lkrxkkrvty
14,aidwartlmwv,aidwartlmwvamqxegjjuppe@gmail.com,1441655527,www.aidwartlmwv.com,ridresxmplpod
15,nsqykypmwirgkp,nsqykypmwirgkprindgmknsbsjfnh@gmail.com,2286262680,www.nsqykypmwirgkp.com,ykaqopmko
16,phtaijcp,phtaijcphjxjjcmgl@gmail.com,1408224438,www.phtaijcp.com,cmubxkmug
17,brsvfjusyqwh,brsvfjusyqwhryuoticoxqbos@gmail.com,2460705463,www.brsvfjusyqwh.com,ipehuujorv
18,oitqec,oitqecvbckfpy@gmail.com,8805008274,www.oitqec.com,hohcvtue
19,bhefxvkdc,bhefxvkdcygmvijdpxv@gmail.com,4166882271,www.bhefxvkdc.com,ipixilhdxnuduj
20,kiebbi,kiebbivtqwjpo@gmail.com,6461287782,www.kiebbi.com,wxqvbvphaoniw
21,kfmeljrqbacrs,kfmeljrqbacrstxlgvitpdtkdlj@gmail.com,2670654700,www.kfmeljrqbacrs.com,cmubxkmug
22,kkiniyekvlr,kkiniyekvlrjuililvdbcus@gmail.com,6511567581,www.kkiniyekvlr.com,hdqekgebug
23,lhswmk,lhswmkjjierch@gmail.com,6728155431,www.lhswmk.com,rtpsutacafujsj
24,xyhcwxtmpgm,xyhcwxtmpgmxsbsscdxsfep@gmail.com,2133838077,www.xyhcwxtmpgm.com,cccqsu
25,bjyncatcsi,bjyncatcsidbmfowhmrwe@gmail.com,3773431431,www.bjyncatcsi.com,fysjvecb
26,vtvnvy,vtvnvyhgtsucw@gmail.com,5768333800,www.vtvnvy.com,edpeie
27,jhuhpf,jhuhpfxpuboua@gmail.com,5414426828,www.jhuhpf.com,ipehuujorv
28,seoylnalsrvpr,seoylnalsrvproookfghsnsyisa@gmail.com,6405625168,www.seoylnalsrvpr.com,shgktpo
29,rihmsrw,rihmsrwamntfxqo@gmail.com,7113867511,www.rihmsrw.com,bgukvgux
30,lhfnpgb,lhfnpgbxfohjuhn@gmail.com,1423782557,www.lhfnpgb.com,mjtjrwhaj
31,jitaiiunq,jitaiiunqthlvnheusj@gmail.com,1114403058,www.jitaiiunq.com,yhbssoouf
32,uirsynxtkgafv,uirsynxtkgafvnhbamdsivafjpq@gmail.com,5246824015,www.uirsynxtkgafv.com,ygmkbuqqdwb
33,aehnekfmpgco,aehnekfmpgcovwwqaeyltoaln@gmail.com,7441423376,www.aehnekfmpgco.com,vrrcgoxaix
34,lkcnaoeaseko,lkcnaoeasekorgacwbkfiecxn@gmail.com,2081615316,www.lkcnaoeaseko.com,bgukvgux
35,qvxplwgxt,qvxplwgxthnemmnskop@gmail.com,475117328,www.qvxplwgxt.com,rilrdxbjvbtr
36,vxxggvndg,vxxggvndgmtjssxmqiq@gmail.com,2817400345,www.vxxggvndg.com,yuyncjpwl
37,axbbuldmi,axbbuldmimyhcriklio@gmail.com,8706514810,www.axbbuldmi.com,mjtjrwhaj
38,dghicvtvw,dghicvtvwqqggdiweho@gmail.com,8752785245,www.dghicvtvw.com,rilrdxbjvbtr
39,ocmtjukyw,ocmtjukywxfmjbvfblp@gmail.com,1438301326,www.ocmtjukyw.com,evvptlntf
40,tjpaag,tjpaagfhihwnv@gmail.com,6688714518,www.tjpaag.com,wchsucpnsmiep
41,xuesuwfn,xuesuwfnkxqcnlvrh@gmail.com,6841884483,www.xuesuwfn.com,ridresxmplpod
42,rbrwsrnpbqqmu,rbrwsrnpbqqmuulwamyneccmufc@gmail.com,7180255883,www.rbrwsrnpbqqmu.com,yuyncjpwl
43,snjnogsfwaya,snjnogsfwayarnpooxyqarump@gmail.com,5461326726,www.snjnogsfwaya.com,hrikjxqwwfas
44,svnbujkdtinhnl,svnbujkdtinhnlaefufwtexmwiaox@gmail.com,5061737788,www.svnbujkdtinhnl.com,yfjmnbjaskwyhlq
45,mdnmqdnkbwxhn,mdnmqdnkbwxhnkefoeddiapdyni@gmail.com,5477520361,www.mdnmqdnkbwxhn.com,clkwyejyflmngxc
46,ccoryr,ccoryrjaqawvh@gmail.com,4677251366,www.ccoryr.com,jlqohfk
47,uwchbh,uwchbhlraafxa@gmail.com,3006245133,www.uwchbh.com,slbqfpebe
48,rbjjrw,rbjjrwktifion@gmail.com,6830637217,www.rbjjrw.com,dxcxjhy
49,qqjchlidpascf,qqjchlidpascfofjutjgsquxdlr@gmail.com,8032822806,www.qqjchlidpascf.com,grrlarpenxxwd
50,gjqhorlqbw,gjqhorlqbwqmusfhsjqoi@gmail.com,6183311368,www.gjqhorlqbw.com,edpeie
51,vdcmcigwqljs,vdcmcigwqljsxuifqdtvppjmo@gmail.com,2262780235,www.vdcmcigwqljs.com,evvptlntf
52,mogwri,mogwrivmfvfhn@gmail.com,5238188568,www.mogwri.com,wchsucpnsmiep
53,qaeeld,qaeeldjbafbbw@gmail.com,6266417582,www.qaeeld.com,fnvjlabc
54,lqexgcvteokft,lqexgcvteokfteejrdixxqifynv@gmail.com,8815335326,www.lqexgcvteokft.com,mfqkmuferjxmcml
55,kmwhjukknla,kmwhjukknlaxlipdbrmicfo@gmail.com,3133544573,www.kmwhjukknla.com,cccqsu
56,wmnrirxcobnbde,wmnrirxcobnbdeunaofgleykxkcpu@gmail.com,7212853346,www.wmnrirxcobnbde.com,keffgqrsncnadj
57,qqmepfq,qqmepfqkfcoqjoi@gmail.com,1630514023,www.qqmepfq.com,nshlkdjjmm
58,dnxsbxrsxoq,dnxsbxrsxoqcdojwsigtaxp@gmail.com,436011535,www.dnxsbxrsxoq.com,siahmkmyagefx
59,afvjesr,afvjesregjotdoi@gmail.com,7302245423,www.afvjesr.com,otxqfsntrfjs
60,fpqpxr,fpqpxrdreyvvm@gmail.com,5422602560,www.fpqpxr.com,hohcvtue
61,snknph,snknphousjsds@gmail.com,5666680318,www.snknph.com,owifnbyh
62,ymiedivdosfqx,ymiedivdosfqxrcruddedxbhcta@gmail.com,8408547101,www.ymiedivdosfqx.com,slbqfpebe
63,cxcgyqwwpktu,cxcgyqwwpktukwlxxkwmpqyjb@gmail.com,3228362245,www.cxcgyqwwpktu.com,sfqjpv
64,aqhmudoyu,aqhmudoyujmomtigjqj@gmail.com,6143888683,www.aqhmudoyu.com,wxqvbvphaoniw
65,ffkwhq,ffkwhqplaitpk@gmail.com,5780121036,www.ffkwhq.com,dihklngjnsdy
66,vtlccmacgdce,vtlccmacgdceocvqngpwlkbnf@gmail.com,150033832,www.vtlccmacgdce.com,pewmslnccfh
67,muldmc,muldmcduoedpe@gmail.com,8585432317,www.muldmc.com,ipnxevlq
68,vvnvbdykdoqu,vvnvbdykdoqurpslyknvgwlgr@gmail.com,2127061727,www.vvnvbdykdoqu.com,ykaqopmko
69,vpwmxbd,vpwmxbdsqppycwj@gmail.com,6020076163,www.vpwmxbd.com,otxqfsntrfjs
70,nwssjvy,nwssjvyekpjhifa@gmail.com,1821153286,www.nwssjvy.com,cmrgxylnapeq
71,drioxr,drioxruehlsrk@gmail.com,2045748828,www.drioxr.com,xomfxxmn
72,cstwjga,cstwjgacpmwsjvn@gmail.com,2804001856,www.cstwjga.com,cmubxkmug
73,cyvifhwdcfac,cyvifhwdcfacfpfqghlranwvv@gmail.com,378854686,www.cyvifhwdcfac.com,jlqohfk
74,lamjmifhlad,lamjmifhladxvqurjomkmhs@gmail.com,6205866677,www.lamjmifhlad.com,ipehuujorv
75,qtdxyevn,qtdxyevnojeutumju@gmail.com,2402073277,www.qtdxyevn.com,rtpsutacafujsj
76,abjaehbotsik,abjaehbotsikixsofnhxdhwii@gmail.com,6603267420,www.abjaehbotsik.com,wxqvbvphaoniw
77,bhvoue,bhvouefaurmjk@gmail.com,7113560506,www.bhvoue.com,sgiveqadxnwngl
78,mcsbox,mcsboxudeflkv@gmail.com,6537853341,www.mcsbox.com,lsjggu
79,xlkaxl,xlkaxlqmfmjax@gmail.com,7540434001,www.xlkaxl.com,xfdkhidkwl
80,vjissfulwpptys,vjissfulwpptysmhbexlemlnxvdiw@gmail.com,2581876441,www.vjissfulwpptys.com,leepqnywcf
81,eftoaluaprfri,eftoaluaprfrisdyfkbhtnmguqk@gmail.com,1326153841,www.eftoaluaprfri.com,pejogqooevt
82,rsarfagep,rsarfageparxnahmrxv@gmail.com,7250030650,www.rsarfagep.com,prqntp
83,mpblcntlcvpfnv,mpblcntlcvpfnvjpcqbpfiubftvtd@gmail.com,4414305868,www.mpblcntlcvpfnv.com,nkupth
84,vurfvysryymipn,vurfvysryymipnyvereuxsoiufwjv@gmail.com,1347581232,www.vurfvysryymipn.com,wxqvbvphaoniw
85,hkmplx,hkmplxhdbqixc@gmail.com,1476624410,www.hkmplx.com,owifnbyh
86,cxukgiptn,cxukgiptnkxyefowkho@gmail.com,146213050,www.cxukgiptn.com,sffxawqear
87,pobfjgid,pobfjgidpvmsurwld@gmail.com,1861021312,www.pobfjgid.com,cngsubhnklcy
88,eyqbwcupclull,eyqbwcupclullfberbthcjnhmfb@gmail.com,1346086702,www.eyqbwcupclull.com,ekboimjymq
89,xoswao,xoswaoyntnwuq@gmail.com,3427720770,www.xoswao.com,keffgqrsncnadj
90,wpkhnrowpayrq,wpkhnrowpayrqbkqpkqkscjmbxu@gmail.com,4477576165,www.wpkhnrowpayrq.com,leepqnywcf
91,qhxsnm,qhxsnmtrqcswl@gmail.com,3045132144,www.qhxsnm.com,okajwd
92,mbuuyevqq,mbuuyevqqetoyarnedp@gmail.com,7082774040,www.mbuuyevqq.com,nubsveh
93,ecidnftqfjtye,ecidnftqfjtyeucogcuqbrueuna@gmail.com,5670743135,www.ecidnftqfjtye.com,olvxvj
94,gluasstmoiejfd,gluasstmoiejfdkddlisqjerqmujy@gmail.com,7566421676,www.gluasstmoiejfd.com,hooifynydq
95,tfehihleypajff,tfehihleypajffxicguhvobwwqayi@gmail.com,2650010763,www.tfehihleypajff.com,ckkygmcw
96,sxcxxecpicqx,sxcxxecpicqxosykcvtsaltcq@gmail.com,8872807676,www.sxcxxecpicqx.com,ridresxmplpod
97,coysubeojjucog,coysubeojjucogcygyfqvttdhuhml@gmail.com,3858642728,www.coysubeojjucog.com,nkupth
98,ydumcx,ydumcxgpcnitf@gmail.com,7807254066,www.ydumcx.com,nviguadmutwpm
99,hlcimtm,hlcimtmkdnnljpo@gmail.com,1076250877,www.hlcimtm.com,siahmkmyagefx
100,pyaesbbjb,pyaesbbjbwoauaprysg@gmail.com,4601547855,www.pyaesbbjb.com,prqntp
101,omuclnbhm,omuclnbhmtdpcrfismd@gmail.com,7583228454,www.omuclnbhm.com,sgiveqadxnwngl
102,yqwnsrrq,yqwnsrrqypwqsxarh@gmail.com,1457882313,www.yqwnsrrq.com,dandrsghw
103,gtohgnpimanvb,gtohgnpimanvbqvymplxmdadhxm@gmail.com,5352733851,www.gtohgnpimanvb.com,eurnxg
104,mwinoy,mwinoykbhobah@gmail.com,4407833603,www.mwinoy.com,prqntp
105,vkkgnyt,vkkgnytbjmdlsus@gmail.com,3215126337,www.vkkgnyt.com,ipixilhdxnuduj
106,ndmjuhhjxw,ndmjuhhjxwnugvhdxcpud@gmail.com,4321518608,www.ndmjuhhjxw.com,yxhmgfhbyofmti
107,awwrgfwyweegb,awwrgfwyweegbbltwildlkxoyyg@gmail.com,8662250314,www.awwrgfwyweegb.com,jnbgeiwcri
108,eiygqexgy,eiygqexgydptgyhtugg@gmail.com,4212637828,www.eiygqexgy.com,fnvjlabc
109,jlurjsp,jlurjspyisvjeuo@gmail.com,6667650750,www.jlurjsp.com,ykaqopmko
110,wdjknihlhr,wdjknihlhrhibtqqnrvyg@gmail.com,5632873784,www.wdjknihlhr.com,fuxcvunfcwiqtu
111,akoqlafyijviud,akoqlafyijviudhvpmviwlkvvdfmk@gmail.com,5615784638,www.akoqlafyijviud.com,yfjmnbjaskwyhlq
112,vguwhqdkuff,vguwhqdkuffbkdswlkmeygo@gmail.com,1486271363,www.vguwhqdkuff.com,ouhmjwmkpkukrij
113,gswlyv,gswlyvrvscsvo@gmail.com,8452548313,www.gswlyv.com,qxdhheldixrgbme
114,xssmpxiexquw,xssmpxiexquwvjytixokaoijr@gmail.com,7263722716,www.xssmpxiexquw.com,edpeie
115,ceioxcesnnv,ceioxcesnnvtjrcvhqlxpcf@gmail.com,8366860857,www.ceioxcesnnv.com,bjsrekgtihgala
116,ltcdvvhaqd,ltcdvvhaqdiwebmjqdjmo@gmail.com,1654828682,www.ltcdvvhaqd.com,ipehuujorv
117,pyqexunv,pyqexunvgqoigvund@gmail.com,1223773886,www.pyqexunv.com,jbpspnknksicgtb
118,ixamsjgylj,ixamsjgyljesmcrlxukpp@gmail.com,3866577205,www.ixamsjgylj.com,dcehrigdbex
119,xhugpxoykxwec,xhugpxoykxwecbxpxmoheldonpq@gmail.com,5620422128,www.xhugpxoykxwec.com,cljlufkgab
120,cdrqserifijycy,cdrqserifijycyqxclnjudqedqgmu@gmail.com,7432632362,www.cdrqserifijycy.com,leepqnywcf
121,jgclyjubu,jgclyjubufgteiugjmm@gmail.com,7438803327,www.jgclyjubu.com,hchldblmaqrkn
122,gkaxbaffiqopw,gkaxbaffiqopwdwwxodfaaqhfhk@gmail.com,1157215117,www.gkaxbaffiqopw.com,dhnpechllky
123,onjqgukqot,onjqgukqotvgbavqawmyr@gmail.com,7248151741,www.onjqgukqot.com,bgukvgux
124,qkhaurnyljr,qkhaurnyljrtpjluxnprpoy@gmail.com,1723038472,www.qkhaurnyljr.com,siahmkmyagefx
125,qkcgmyqhxp,qkcgmyqhxpbtkhjbqqdym@gmail.com,7230001264,www.qkcgmyqhxp.com,owifnbyh
126,cewxyinokcsil,cewxyinokcsilkyufwdahqohlvd@gmail.com,6585441432,www.cewxyinokcsil.com,hooifynydq
127,djnneb,djnnebilrtqbe@gmail.com,1013751034,www.djnneb.com,nshlkdjjmm
128,juyrsfrjb,juyrsfrjbdkwushxjrk@gmail.com,5637360620,www.juyrsfrjb.com,jlqohfk
129,erynejwud,erynejwudvaxqmrhahs@gmail.com,334011518,www.erynejwud.com,sfqjpv
130,ucatsiqjpow,ucatsiqjpowgonpwnndgwwf@gmail.com,220240501,www.ucatsiqjpow.com,grrlarpenxxwd
131,bnvcyblcqhy,bnvcyblcqhyvlmuvujvvffx@gmail.com,2867245408,www.bnvcyblcqhy.com,yfjmnbjaskwyhlq
132,cspypdvya,cspypdvyaxwkfxvxjmv@gmail.com,5218160561,www.cspypdvya.com,ujeccplcqhleiec
133,mcvrhlxsufjyfm,mcvrhlxsufjyfmxrrhcruhwwrdyrf@gmail.com,6143770123,www.mcvrhlxsufjyfm.com,ipnxevlq
134,hvgnmi,hvgnmibeimhql@gmail.com,5603061476,www.hvgnmi.com,yfjmnbjaskwyhlq
135,lmtlteniaxon,lmtlteniaxonallbykitsihjj@gmail.com,7043152070,www.lmtlteniaxon.com,owifnbyh
136,beugkgbfby,beugkgbfbyoburplhjkpb@gmail.com,8787862063,www.beugkgbfby.com,yedyyuhrgm
137,dkrcbf,dkrcbflxjecun@gmail.com,5837301172,www.dkrcbf.com,oqrlpajqmf
138,gegjrbpdrr,gegjrbpdrrjevpnhklrmr@gmail.com,3082144111,www.gegjrbpdrr.com,jlqohfk
139,snckfb,snckfbkrnbdoo@gmail.com,5816708451,www.snckfb.com,jnbgeiwcri
140,foxswwswunonfi,foxswwswunonfirmqjjtiecdkvrnt@gmail.com,3300723105,www.foxswwswunonfi.com,mihnvfufrq
141,owdyumrmfe,owdyumrmfejmpnlhbrhvv@gmail.com,1088243116,www.owdyumrmfe.com,cmubxkmug
142,wmnmuwlerhde,wmnmuwlerhdeivcelcpgmikea@gmail.com,2852120524,www.wmnmuwlerhde.com,pkcdhnsjpdi
143,andvsiyyejgju,andvsiyyejgjusaigaatkjggqgl@gmail.com,3541200408,www.andvsiyyejgju.com,jlqohfk
144,iooxha,iooxhaovcdatq@gmail.com,7411550217,www.iooxha.com,rtpsutacafujsj
145,lxprhxqv,lxprhxqvcoacsumwj@gmail.com,8735735825,www.lxprhxqv.com,nkupth
146,nbfdcmocsy,nbfdcmocsygsxixbutfkm@gmail.com,261884452,www.nbfdcmocsy.com,eurnxg
147,cttlvnojpas,cttlvnojpasdnefuxneacub@gmail.com,8442032078,www.cttlvnojpas.com,prqntp
148,ucihjpk,ucihjpkymqewufk@gmail.com,2847175216,www.ucihjpk.com,jlqohfk
149,qwhdvdbxdktrx,qwhdvdbxdktrxmkvscosjilmdua@gmail.com,7370648812,www.qwhdvdbxdktrx.com,fuxcvunfcwiqtu
150,voddpkjyt,voddpkjytdsthsfpmfg@gmail.com,1850334352,www.voddpkjyt.com,qxdhheldixrgbme
151,axgrocbefh,axgrocbefhgqqmvpgegjd@gmail.com,5074162804,www.axgrocbefh.com,pkcdhnsjpdi
152,bmyygoopei,bmyygoopeiqtmuxhbpdvd@gmail.com,2552775567,www.bmyygoopei.com,sffxawqear
153,ixjlulcffsag,ixjlulcffsagkbftetjdvvyol@gmail.com,3451848803,www.ixjlulcffsag.com,mjtjrwhaj
154,jpgbwwjte,jpgbwwjteodtokpyrlh@gmail.com,5381457463,www.jpgbwwjte.com,yhbssoouf
155,jleomwonct,jleomwonctogtshkhxavg@gmail.com,5824364330,www.jleomwonct.com,ridresxmplpod
156,nheuirtuo,nheuirtuoqiwmblwxaj@gmail.com,4318846471,www.nheuirtuo.com,gyotdcwykay
157,mkfpofxrxdx,mkfpofxrxdxghtucarrldhk@gmail.com,1836183023,www.mkfpofxrxdx.com,nubsveh
158,bgldwkmetypiq,bgldwkmetypiqduehyoecfehdxy@gmail.com,2130843767,www.bgldwkmetypiq.com,cccqsu
159,rvhlwhojpelnuo,rvhlwhojpelnuoewufebhkagxyabc@gmail.com,8147178407,www.rvhlwhojpelnuo.com,dcehrigdbex
160,xlilnvvwmsh,xlilnvvwmshxrusvwrcmqhv@gmail.com,4556826368,www.xlilnvvwmsh.com,ipnxevlq
161,rdxcaw,rdxcawgqkmimx@gmail.com,4708164002,www.rdxcaw.com,shgktpo
162,bfvofewyroerpt,bfvofewyroerptyhjfxogostxxjbc@gmail.com,5242146626,www.bfvofewyroerpt.com,clkwyejyflmngxc
163,gggmbejey,gggmbejeyxtnucydhcd@gmail.com,4701451382,www.gggmbejey.com,mihnvfufrq
164,jfgypvqybnh,jfgypvqybnhjcyjbmakdpxo@gmail.com,5276703644,www.jfgypvqybnh.com,pejogqooevt
165,ygapgbhfgfw,ygapgbhfgfwtcdcufvxjtdn@gmail.com,1046844888,www.ygapgbhfgfw.com,mfvenpvqpdyc
166,fgvkduymnacsmq,fgvkduymnacsmqhrjiwwnrawufhda@gmail.com,5832452065,www.fgvkduymnacsmq.com,prqntp
167,eormoeesibpxo,eormoeesibpxopqxywheynixrdg@gmail.com,5143110508,www.eormoeesibpxo.com,jbpspnknksicgtb
168,xqynduahrf,xqynduahrfvdugndysoqs@gmail.com,5583671317,www.xqynduahrf.com,shgktpo
169,srttqgapma,srttqgapmacflditryctx@gmail.com,4582735233,www.srttqgapma.com,mfvenpvqpdyc
170,mggklkfxh,mggklkfxhslblxiwfug@gmail.com,6214385623,www.mggklkfxh.com,rqxasplduc
171,xecwdguctunxa,xecwdguctunxamrrwhrkopdeink@gmail.com,1408232730,www.xecwdguctunxa.com,edpeie
172,ronoqvvggety,ronoqvvggetyrdjjckrspsbih@gmail.com,2787511805,www.ronoqvvggety.com,mfvenpvqpdyc
173,galwtls,galwtlstvjmmhsh@gmail.com,4225437114,www.galwtls.com,cngsubhnklcy
174,gqhspqrj,gqhspqrjvijdmlkvn@gmail.com,2165080608,www.gqhspqrj.com,honjkqgwo
175,bfdtkkcvgoyeha,bfdtkkcvgoyehamfijfyjycggwwwe@gmail.com,1728048446,www.bfdtkkcvgoyeha.com,yxhmgfhbyofmti
176,incisbo,incisbokwlrdiey@gmail.com,2356174286,www.incisbo.com,yhbssoouf
177,umsmxoyc,umsmxoycfohgbxplc@gmail.com,1346333543,www.umsmxoyc.com,yhbssoouf
178,ashwnmbgns,ashwnmbgnsusblxlxhiij@gmail.com,771005352,www.ashwnmbgns.com,rkwxrcaglsbk
179,prdibfv,prdibfvnpjuofxa@gmail.com,7861626011,www.prdibfv.com,honjkqgwo
180,uvyxsveilng,uvyxsveilngraabhsuogaak@gmail.com,1873382767,www.uvyxsveilng.com,ipehuujorv
181,xvcvayqgnukci,xvcvayqgnukcibgeqhmyoxdkiow@gmail.com,4128123447,www.xvcvayqgnukci.com,lfcwrgwa
182,elkfnocrbeupiy,elkfnocrbeupiyftrnerojkgnyskp@gmail.com,2541063833,www.elkfnocrbeupiy.com,prqntp
183,lkhvrxhdsqexkl,lkhvrxhdsqexklihcqwgkrexjygrk@gmail.com,2458861154,www.lkhvrxhdsqexkl.com,mfvenpvqpdyc
184,vrusqsdk,vrusqsdkgqhjgixpw@gmail.com,1681453348,www.vrusqsdk.com,fxeguwlg
185,ltlvfptdqba,ltlvfptdqbanewmioyqgbai@gmail.com,8547828343,www.ltlvfptdqba.com,ipixilhdxnuduj
186,kbfhqrqvweod,kbfhqrqvweodsjrcisjdvodos@gmail.com,4710804801,www.kbfhqrqvweod.com,fysjvecb
187,rsmceqofx,rsmceqofxejcolicmix@gmail.com,6712016337,www.rsmceqofx.com,pewmslnccfh
188,buusfocc,buusfoccinnkdrhlp@gmail.com,3556270775,www.buusfocc.com,ipehuujorv
189,owvexddhppp,owvexddhpppesfbhvofvogr@gmail.com,4677264014,www.owvexddhppp.com,lkrxkkrvty
190,uibaovq,uibaovqcpkbgfgs@gmail.com,8118263661,www.uibaovq.com,dihklngjnsdy
191,lmkrjdlk,lmkrjdlkjsxfsrgwe@gmail.com,3871132256,www.lmkrjdlk.com,grrlarpenxxwd
192,bebstr,bebstrjawbfqs@gmail.com,3382345120,www.bebstr.com,gyotdcwykay
193,ucdvdgujjma,ucdvdgujjmapevoitqxlqlq@gmail.com,6325320275,www.ucdvdgujjma.com,sffxawqear
194,jbhjwrgaxqe,jbhjwrgaxqeogllgxuempjc@gmail.com,8818165363,www.jbhjwrgaxqe.com,hsdrxutksg
195,aaoldnixaff,aaoldnixaffbiqbeflsglqd@gmail.com,2170415042,www.aaoldnixaff.com,shgktpo
196,eqkxtb,eqkxtbknrlkkv@gmail.com,8734261586,www.eqkxtb.com,ykaqopmko
197,nxqixbmn,nxqixbmnowijteqcm@gmail.com,5328083162,www.nxqixbmn.com,lkrxkkrvty
198,nqpjohbug,nqpjohbugvrcenrhicw@gmail.com,4275648745,www.nqpjohbug.com,ykaqopmko
199,xwkqdkeak,xwkqdkeakqvkbfokdjr@gmail.com,138145143,www.xwkqdkeak.com,nshlkdjjmm
200,eainbfyka,eainbfykadcoqyuapwe@gmail.com,5373080040,www.eainbfyka.com,ridresxmplpod
201,kunfrbxwedhs,kunfrbxwedhshmuulrarrxomw@gmail.com,7345128621,www.kunfrbxwedhs.com,dkygfaseoaoj
202,jsfsqag,jsfsqagngqsjpxe@gmail.com,2850740340,www.jsfsqag.com,olvxvj
203,tppuuusig,tppuuusigrrxiaaljim@gmail.com,3627752263,www.tppuuusig.com,dcehrigdbex
204,oswrnbp,oswrnbpmshrikxg@gmail.com,7424428206,www.oswrnbp.com,vaoykhj
205,lqbphlhpmtcm,lqbphlhpmtcmbkfiphkokdwil@gmail.com,6575346723,www.lqbphlhpmtcm.com,yfjmnbjaskwyhlq
206,gdbhshr,gdbhshrfibsqfwg@gmail.com,8070075337,www.gdbhshr.com,viohdwniudbjcp
207,vwmruuymmvd,vwmruuymmvdfxeirpcufvyo@gmail.com,7011350887,www.vwmruuymmvd.com,fxeguwlg
208,cnrxumgcph,cnrxumgcphhtmvtlbvbue@gmail.com,2863763772,www.cnrxumgcph.com,pewmslnccfh
209,rhtidlwrga,rhtidlwrgafpdqwstwdhd@gmail.com,4668554715,www.rhtidlwrga.com,sfqjpv
210,gstxict,gstxictfacyjstu@gmail.com,1164127451,www.gstxict.com,hooifynydq
211,pchiphltbgruhf,pchiphltbgruhfujeyyyrjmvxpxsy@gmail.com,8101150383,www.pchiphltbgruhf.com,fuxcvunfcwiqtu
212,siggrp,siggrpxbuwmbf@gmail.com,5407242586,www.siggrp.com,qxdhheldixrgbme
213,afatukhygq,afatukhygqkwoestkgwks@gmail.com,6500244556,www.afatukhygq.com,owifnbyh
214,adyepivfbx,adyepivfbxhwbnswxmqgk@gmail.com,5137117563,www.adyepivfbx.com,rtpsutacafujsj
215,fvnwvgsajvkhk,fvnwvgsajvkhkypjtcdfmyebokd@gmail.com,8811077042,www.fvnwvgsajvkhk.com,rkwxrcaglsbk
216,lmhketxbiws,lmhketxbiwshhcejhbewmhy@gmail.com,726343373,www.lmhketxbiws.com,ipehuujorv
217,sgxscen,sgxscenmggdyttw@gmail.com,143873682,www.sgxscen.com,yhbssoouf
218,tyfmjtrokr,tyfmjtrokriusanadnmsq@gmail.com,2636051280,www.tyfmjtrokr.com,pejogqooevt
219,lsxylj,lsxyljpbmnmiy@gmail.com,4240738410,www.lsxylj.com,nshlkdjjmm
220,jmdttlqcxieo,jmdttlqcxieotdjgnfmmpggbg@gmail.com,3876307771,www.jmdttlqcxieo.com,rtpsutacafujsj
221,khlbkmcswpq,khlbkmcswpqyybjvugfhnhd@gmail.com,1780650851,www.khlbkmcswpq.com,xomfxxmn
222,guhjpqgkpd,guhjpqgkpdfrgnqitduwq@gmail.com,2213017148,www.guhjpqgkpd.com,rilrdxbjvbtr
223,rossbpnqk,rossbpnqkfyibkqgkjk@gmail.com,7386402821,www.rossbpnqk.com,ygmkbuqqdwb
224,eoubvr,eoubvrexogklp@gmail.com,6867680652,www.eoubvr.com,pewmslnccfh
225,sfyrxt,sfyrxtwndmcgl@gmail.com,4272467378,www.sfyrxt.com,bgukvgux
226,gfbmbhyyskl,gfbmbhyysklwtnirgmrxbyd@gmail.com,2346407308,www.gfbmbhyyskl.com,leepqnywcf
227,qxgoqlt,qxgoqltttanvqwn@gmail.com,8264825786,www.qxgoqlt.com,fuxcvunfcwiqtu
228,aevrlkjaer,aevrlkjaervsjjgbiggte@gmail.com,3170643402,www.aevrlkjaer.com,yhbssoouf
229,ixepfrtyo,ixepfrtyojofcjayold@gmail.com,3056215061,www.ixepfrtyo.com,ykaqopmko
230,typlcs,typlcspgtxvxu@gmail.com,2358731638,www.typlcs.com,dcehrigdbex
231,bgtjgor,bgtjgormdlosxqf@gmail.com,5517205157,www.bgtjgor.com,fysjvecb
232,owafsyfqlkp,owafsyfqlkpsmfcrarnqcsh@gmail.com,7018737018,www.owafsyfqlkp.com,cmrgxylnapeq
233,bwruflktkbqffa,bwruflktkbqffabrrflgmsqfhkrlo@gmail.com,1512582243,www.bwruflktkbqffa.com,iwqqxqo
234,rebyirgikjt,rebyirgikjtbelfyrpxrluh@gmail.com,6512257155,www.rebyirgikjt.com,bgukvgux
235,jiqcsynynpeqtn,jiqcsynynpeqtngmhsrmrkoqdamcc@gmail.com,6304604637,www.jiqcsynynpeqtn.com,shgktpo
236,mgigyffrutwvm,mgigyffrutwvmspsyhjxvsvjfkk@gmail.com,1085307657,www.mgigyffrutwvm.com,revvwq
237,wwakqoqxc,wwakqoqxcoqtwqnewpe@gmail.com,6580245534,www.wwakqoqxc.com,lkrxkkrvty
238,aqwcuricnd,aqwcuricnddmwdlsypadg@gmail.com,4730661450,www.aqwcuricnd.com,dcehrigdbex
239,htmxukihokln,htmxukihoklnbercpjnyibujv@gmail.com,7304533212,www.htmxukihokln.com,rudhadwsciv
240,krckmrfltdlog,krckmrfltdlogexgfilpcnbjirt@gmail.com,3246150145,www.krckmrfltdlog.com,sgiveqadxnwngl
241,wjclptud,wjclptudrvgmymnpw@gmail.com,8577874203,www.wjclptud.com,okajwd
242,jfkkklnyxx,jfkkklnyxxmvpxjpxwhme@gmail.com,471344252,www.jfkkklnyxx.com,ouhmjwmkpkukrij
243,atgfmbmbp,atgfmbmbpjyrcsrcvic@gmail.com,4856631658,www.atgfmbmbp.com,ygmkbuqqdwb
244,oaxbovipspfc,oaxbovipspfcrgcpedqjymblv@gmail.com,364215448,www.oaxbovipspfc.com,kkmxug
245,rgomxmaqkestb,rgomxmaqkestbnlacremonjdoye@gmail.com,3136085534,www.rgomxmaqkestb.com,jbpspnknksicgtb
246,iasbnpbkf,iasbnpbkfeptwkaqkyu@gmail.com,418462083,www.iasbnpbkf.com,lsjggu
247,etdjvkcikpulo,etdjvkcikpuloxaewhinryelfxi@gmail.com,3285140877,www.etdjvkcikpulo.com,sgiveqadxnwngl
248,mxttimbfvosq,mxttimbfvosqadtdicbsthjrc@gmail.com,4343786325,www.mxttimbfvosq.com,lsjggu
249,bprppwwhbscj,bprppwwhbscjwkvfbweagfmlg@gmail.com,4382108200,www.bprppwwhbscj.com,leepqnywcf
250,qepldvypc,qepldvypcqsjcbcpdsn@gmail.com,5685350115,www.qepldvypc.com,dkygfaseoaoj
251,nbwkkk,nbwkkklaqlnhx@gmail.com,7366224326,www.nbwkkk.com,nviguadmutwpm
252,tmpubhqqkqnky,tmpubhqqkqnkybmegnfmyxlvrjw@gmail.com,7771164382,www.tmpubhqqkqnky.com,cmrgxylnapeq
253,jlpyiocpvvr,jlpyiocpvvrsddofthkstim@gmail.com,834500456,www.jlpyiocpvvr.com,yuyncjpwl
254,mjnngm,mjnngmnsaaslo@gmail.com,1683605888,www.mjnngm.com,lfcwrgwa
255,icfglrit,icfglritqspjmovef@gmail.com,8841746574,www.icfglrit.com,hooifynydq
256,belvudf,belvudfjdqsnfpb@gmail.com,7685063221,www.belvudf.com,bjsrekgtihgala
257,gqnnmmurqm,gqnnmmurqmfpwpxaqryke@gmail.com,41813055,www.gqnnmmurqm.com,rkwxrcaglsbk
258,nflfuyejoov,nflfuyejoovnyrxxurbfurh@gmail.com,5834653072,www.nflfuyejoov.com,ridresxmplpod
259,jwoayki,jwoaykiwnlngyww@gmail.com,4142825526,www.jwoayki.com,cmrgxylnapeq
260,qnnntuqykw,qnnntuqykwafcqasvpwsh@gmail.com,1866672276,www.qnnntuqykw.com,gatmjocbvdvjctj
261,wkycokfcdjvfce,wkycokfcdjvfcexaunnukfiepdkca@gmail.com,263182884,www.wkycokfcdjvfce.com,cccqsu
262,rtpbqihqwyuufw,rtpbqihqwyuufwgjapmoflseljrci@gmail.com,8050200705,www.rtpbqihqwyuufw.com,nshlkdjjmm
263,xtmocy,xtmocykuhrtps@gmail.com,4251265652,www.xtmocy.com,dhnpechllky
264,yxunparecjlh,yxunparecjlhppsxmyiuyqhxa@gmail.com,2108503165,www.yxunparecjlh.com,ekboimjymq
265,bbotvt,bbotvtdioyueq@gmail.com,5328804650,www.bbotvt.com,owifnbyh
266,qyjhmi,qyjhmitsoicnt@gmail.com,33808023,www.qyjhmi.com,bjsrekgtihgala
267,mvrafojwp,mvrafojwpjmnoqhdvyo@gmail.com,6245032171,www.mvrafojwp.com,gatmjocbvdvjctj
268,rkhpbrckrjleu,rkhpbrckrjleujyxsgxuvsvwlfd@gmail.com,380600226,www.rkhpbrckrjleu.com,viohdwniudbjcp
269,rrqljhuwu,rrqljhuwutscppxvisw@gmail.com,688644103,www.rrqljhuwu.com,cngsubhnklcy
270,xgyddklgkv,xgyddklgkvlvopdafhbol@gmail.com,1710782303,www.xgyddklgkv.com,dhnpechllky
271,jpqpptlg,jpqpptlglpeeuyajp@gmail.com,4527328144,www.jpqpptlg.com,mfqkmuferjxmcml
272,xxoomogxvg,xxoomogxvgfulawccxbwc@gmail.com,7481713074,www.xxoomogxvg.com,iwqqxqo
273,jyajjogi,jyajjogimvvwrjtbd@gmail.com,6571588278,www.jyajjogi.com,ipehuujorv
274,gpbdjwojmnnu,gpbdjwojmnnubiaubknvrelyi@gmail.com,8346003225,www.gpbdjwojmnnu.com,lfcwrgwa
275,ggwdlyhjd,ggwdlyhjdrxubcgxjen@gmail.com,3480008588,www.ggwdlyhjd.com,vaoykhj
276,ncmjde,ncmjdeixabnhr@gmail.com,4046851104,www.ncmjde.com,cykxynam
277,csncyjvxo,csncyjvxokdckrhsheb@gmail.com,1051047288,www.csncyjvxo.com,rudhadwsciv
278,vlpowycduo,vlpowycduomxquuwjwosk@gmail.com,3786836288,www.vlpowycduo.com,yxhmgfhbyofmti
279,fiwnpth,fiwnpthqmigbkvg@gmail.com,874637224,www.fiwnpth.com,ekboimjymq
280,rxiceg,rxiceghcvvjbh@gmail.com,2247425301,www.rxiceg.com,fnvjlabc
281,xrsgmtjrrwgs,xrsgmtjrrwgsplggnqmroyjbt@gmail.com,1804838234,www.xrsgmtjrrwgs.com,yhbssoouf
282,mnqforwpti,mnqforwptiaclvhofchll@gmail.com,4802250571,www.mnqforwpti.com,revvwq
283,xheprmbrhrnnbi,xheprmbrhrnnbijbalalskgqwehps@gmail.com,484452545,www.xheprmbrhrnnbi.com,keffgqrsncnadj
284,utbvxkkd,utbvxkkdhyglmmutt@gmail.com,7357244065,www.utbvxkkd.com,vrrcgoxaix
285,ttawybyp,ttawybypnjorvkywg@gmail.com,2167643276,www.ttawybyp.com,otxqfsntrfjs
286,kgqnaup,kgqnaupnoucljlq@gmail.com,5588512707,www.kgqnaup.com,dhnpechllky
287,lvqioyaitvhhth,lvqioyaitvhhthbfubwbefqqjpioo@gmail.com,8855088140,www.lvqioyaitvhhth.com,dkygfaseoaoj
288,qspoltevygie,qspoltevygiehabugamdictal@gmail.com,1245075745,www.qspoltevygie.com,bhuvlipbh
289,qdcwvncswtlmr,qdcwvncswtlmrvcjlgdredahmpr@gmail.com,3757347485,www.qdcwvncswtlmr.com,grrlarpenxxwd
290,olqcavfdlgp,olqcavfdlgpwclvhraolnxg@gmail.com,2385448406,www.olqcavfdlgp.com,sfqjpv
291,gnqxih,gnqxihschlrcq@gmail.com,4761176557,www.gnqxih.com,sgiveqadxnwngl
292,amyfdrbspsaoam,amyfdrbspsaoambneyngolhhdjrxm@gmail.com,7627445318,www.amyfdrbspsaoam.com,pejogqooevt
293,ndgmtmonqgcqrw,ndgmtmonqgcqrwyvlaigngifffpqr@gmail.com,552106006,www.ndgmtmonqgcqrw.com,hchldblmaqrkn
294,btnrvt,btnrvtjorcpyg@gmail.com,8251816072,www.btnrvt.com,eurnxg
295,cqeymiswtx,cqeymiswtxohjmktuoost@gmail.com,2007836832,www.cqeymiswtx.com,cljlufkgab
296,ydovebfss,ydovebfssakhtyjyrrq@gmail.com,1636338181,www.ydovebfss.com,ytlmfklsslgt
297,intxnpqplx,intxnpqplxgitwqsqftoc@gmail.com,6250228530,www.intxnpqplx.com,eurnxg
298,rgmuojrkojyb,rgmuojrkojybbwwpuknekqetp@gmail.com,5854275104,www.rgmuojrkojyb.com,fuxcvunfcwiqtu
299,nijfoewcxfi,nijfoewcxfilglugquaowqd@gmail.com,3302882083,www.nijfoewcxfi.com,dihklngjnsdy
300,cyfdgmjvk,cyfdgmjvkeohtlqepqr@gmail.com,6514136424,www.cyfdgmjvk.com,leepqnywcf
301,clpnutlrdqable,clpnutlrdqableuhavfblvtlyyjqr@gmail.com,7637054318,www.clpnutlrdqable.com,pejogqooevt
302,lehhvkniv,lehhvknivvhcnhydujt@gmail.com,3502685503,www.lehhvkniv.com,rkwxrcaglsbk
303,bhothjwfqjlv,bhothjwfqjlvfxxxsrptjouei@gmail.com,3415502571,www.bhothjwfqjlv.com,pewmslnccfh
304,nnbjriqag,nnbjriqagkrjiwjmwnl@gmail.com,8426350714,www.nnbjriqag.com,olvxvj
305,ntacbxkur,ntacbxkurdjcaukomqm@gmail.com,2823843011,www.ntacbxkur.com,pkcdhnsjpdi
306,vxvlcxtg,vxvlcxtgtpgugbjxe@gmail.com,6672611111,www.vxvlcxtg.com,cccqsu
307,ddygkrukwgbo,ddygkrukwgboxjcirfoudnsdg@gmail.com,8325144043,www.ddygkrukwgbo.com,eurnxg
308,kgygdck,kgygdcklmxnqans@gmail.com,1556615808,www.kgygdck.com,gatmjocbvdvjctj
309,xfonbwcokccmqi,xfonbwcokccmqivqyenrbwodnbqbr@gmail.com,1617531437,www.xfonbwcokccmqi.com,yxhmgfhbyofmti
310,piyewuj,piyewujensypmqh@gmail.com,2384336720,www.piyewuj.com,dkygfaseoaoj
311,ndeolskkh,ndeolskkhqxkqoxuuul@gmail.com,6474738485,www.ndeolskkh.com,bgukvgux
312,pyxftwex,pyxftwexdunsiflxa@gmail.com,6656161683,www.pyxftwex.com,okajwd
313,xscobeovmaqhdj,xscobeovmaqhdjmbalcurcxpsxbff@gmail.com,1156724156,www.xscobeovmaqhdj.com,xfdkhidkwl
314,avsquslswla,avsquslswlasnetaumlafli@gmail.com,5152733857,www.avsquslswla.com,nshlkdjjmm
315,gafavyog,gafavyogxmagfvdtb@gmail.com,2534631157,www.gafavyog.com,yfjmnbjaskwyhlq
316,xqlhyy,xqlhyyciyftxi@gmail.com,1881644036,www.xqlhyy.com,hdqekgebug
317,cyfoxmrhpe,cyfoxmrhpeoashnvsfmcu@gmail.com,7702766401,www.cyfoxmrhpe.com,ipnxevlq
318,wusbhn,wusbhntaurhmu@gmail.com,1806283286,www.wusbhn.com,ipnxevlq
319,bavaumny,bavaumnypvjugdflv@gmail.com,8348613241,www.bavaumny.com,ipehuujorv
320,kqjfbdilivckbk,kqjfbdilivckbkvijeqhfpwbkpqwv@gmail.com,7145637611,www.kqjfbdilivckbk.com,dcehrigdbex
321,ylpiytmuqx,ylpiytmuqxuvgmvdfmaeu@gmail.com,7043463327,www.ylpiytmuqx.com,dxcxjhy
322,rcaxegdndu,rcaxegdnduvlijwgilmsh@gmail.com,1030546070,www.rcaxegdndu.com,cccqsu
323,buunow,buunowindkkaj@gmail.com,2734637160,www.buunow.com,sfqjpv
324,pfdepucoue,pfdepucoueibdemodonfv@gmail.com,2406372871,www.pfdepucoue.com,revvwq
325,qaybfxx,qaybfxxxkihjqej@gmail.com,3774655406,www.qaybfxx.com,slbqfpebe
326,qpjgqvf,qpjgqvfmvhvknva@gmail.com,3536203130,www.qpjgqvf.com,ytlmfklsslgt
327,jpgdqyfmlj,jpgdqyfmljlbhawdliajl@gmail.com,7442521817,www.jpgdqyfmlj.com,cngsubhnklcy
328,udhslidttuqy,udhslidttuqyegqunfbkuhlfe@gmail.com,6657213424,www.udhslidttuqy.com,dkygfaseoaoj
329,tibrje,tibrjeqfjreeh@gmail.com,4575337550,www.tibrje.com,cmrgxylnapeq
330,cvrmmpar,cvrmmparwfvbddpuv@gmail.com,8664681515,www.cvrmmpar.com,qxdhheldixrgbme
331,wkoqwkmckjyg,wkoqwkmckjygqtbieiriyevwh@gmail.com,2533230116,www.wkoqwkmckjyg.com,hooifynydq
332,njiifxdbssruc,njiifxdbssrucaknvmwhsblplba@gmail.com,5178003427,www.njiifxdbssruc.com,yxhmgfhbyofmti
333,cfyjhk,cfyjhkefbcrax@gmail.com,2772363226,www.cfyjhk.com,fysjvecb
334,sokiimhbkpm,sokiimhbkpmcoqqlsvumhoa@gmail.com,3158502875,www.sokiimhbkpm.com,sffxawqear
335,xjtgyycnwf,xjtgyycnwfdswxwlyyiyw@gmail.com,1071020048,www.xjtgyycnwf.com,xomfxxmn
336,fkomhpp,fkomhppkmrahmwx@gmail.com,3001362772,www.fkomhpp.com,keffgqrsncnadj
337,rjceybhevpflbn,rjceybhevpflbnihodwiuomqjapms@gmail.com,1536842351,www.rjceybhevpflbn.com,clkwyejyflmngxc
338,pkxsxttqbwgefc,pkxsxttqbwgefccrrubtpjvvrrjfp@gmail.com,2514673540,www.pkxsxttqbwgefc.com,sfqjpv
339,gowmbd,gowmbdyodrovn@gmail.com,3683822805,www.gowmbd.com,lkrxkkrvty
340,qhxvaafcqcvmn,qhxvaafcqcvmnmcamhsuofnipkk@gmail.com,3332818178,www.qhxvaafcqcvmn.com,yxhmgfhbyofmti
341,eitwfuhoytjey,eitwfuhoytjeyaxtaertgquvrku@gmail.com,6418886433,www.eitwfuhoytjey.com,yhbssoouf
342,cpqvywwlqh,cpqvywwlqhumcsowaqtbq@gmail.com,4864780760,www.cpqvywwlqh.com,wchsucpnsmiep
343,fwqnnxfo,fwqnnxfoacfbmpult@gmail.com,6417076766,www.fwqnnxfo.com,mihnvfufrq
344,mhobdemijauqf,mhobdemijauqfmoowemwguanllg@gmail.com,433602658,www.mhobdemijauqf.com,cmubxkmug
345,alruhfrgmwcky,alruhfrgmwckyceqokgujcivmqe@gmail.com,3056528016,www.alruhfrgmwcky.com,rqxasplduc
346,kvtsmdnsksq,kvtsmdnsksqakyatkxhmcpc@gmail.com,2382848316,www.kvtsmdnsksq.com,slbqfpebe
347,xwkmaawvyslh,xwkmaawvyslhdnegiobriaqas@gmail.com,5660067110,www.xwkmaawvyslh.com,wxqvbvphaoniw
348,sqlllguhhswgx,sqlllguhhswgxluxcdcwgqvtnar@gmail.com,413818450,www.sqlllguhhswgx.com,ipehuujorv
349,bbcatrrjpbgs,bbcatrrjpbgsysejmkywhbbtr@gmail.com,8024374140,www.bbcatrrjpbgs.com,ipnxevlq
350,lhovtesrxdpyi,lhovtesrxdpyiuiwnqiivcbeelo@gmail.com,2466414140,www.lhovtesrxdpyi.com,xfdkhidkwl
351,nnjosnst,nnjosnstvunprfhrl@gmail.com,470738467,www.nnjosnst.com,pejogqooevt
352,xyqcpslmfcanjk,xyqcpslmfcanjkwioxcphgefrcthi@gmail.com,3405232312,www.xyqcpslmfcanjk.com,dxcxjhy
353,wxycuoridn,wxycuoridnibdetrbtmxy@gmail.com,2303610052,www.wxycuoridn.com,sffxawqear
354,utngisdiif,utngisdiifwdfpwmhayab@gmail.com,2641721213,www.utngisdiif.com,bjsrekgtihgala
355,xyiijxvi,xyiijxviyppqljuhb@gmail.com,183632473,www.xyiijxvi.com,dihklngjnsdy
356,ekxdffmxtjd,ekxdffmxtjdmulkntwolnnb@gmail.com,6327856144,www.ekxdffmxtjd.com,shgktpo
357,fgkmbreftndsnh,fgkmbreftndsnhnseoaqmvjlesdrd@gmail.com,3108363254,www.fgkmbreftndsnh.com,viohdwniudbjcp
358,spelulb,spelulbkhaebpxs@gmail.com,2788783265,www.spelulb.com,lkrxkkrvty
359,stqsbksa,stqsbksaaikeiexll@gmail.com,3547166848,www.stqsbksa.com,cngsubhnklcy
360,flhmnhh,flhmnhhjirmepgc@gmail.com,6783064670,www.flhmnhh.com,ujeccplcqhleiec
361,uqfjjgloiabpw,uqfjjgloiabpwawaccuomtnyjxu@gmail.com,704032726,www.uqfjjgloiabpw.com,bgukvgux
362,endbakqxry,endbakqxrycnqkyvvcoaf@gmail.com,2121161765,www.endbakqxry.com,jbpspnknksicgtb
363,nffmgqaa,nffmgqaanfpkjxcio@gmail.com,5816402437,www.nffmgqaa.com,kkmxug
364,mgqxjdqcf,mgqxjdqcfhdmwkdnovj@gmail.com,5250645845,www.mgqxjdqcf.com,revvwq
365,qfaktlfvxhyu,qfaktlfvxhyummvnddgwtbajb@gmail.com,6025612836,www.qfaktlfvxhyu.com,hohcvtue
366,dpwmoa,dpwmoafykkggk@gmail.com,8437502506,www.dpwmoa.com,ridresxmplpod
367,yggmrvmgdopys,yggmrvmgdopyslrldutbnydrtty@gmail.com,7155263510,www.yggmrvmgdopys.com,rtpsutacafujsj
368,msvehbwcm,msvehbwcmyoynyaabdt@gmail.com,2667553623,www.msvehbwcm.com,nonirobpwlld
369,ybpwaa,ybpwaaqbikhcw@gmail.com,7661104253,www.ybpwaa.com,dihklngjnsdy
370,brjgwjqaymtel,brjgwjqaymtelrpdhwphqrcafrp@gmail.com,2282758863,www.brjgwjqaymtel.com,cmubxkmug
371,jhddqhipgtvxs,jhddqhipgtvxsenxrncxkwvdktg@gmail.com,5126417108,www.jhddqhipgtvxs.com,ckkygmcw
372,cwsyja,cwsyjainuqtrh@gmail.com,8070617231,www.cwsyja.com,mfvenpvqpdyc
373,ywwjgo,ywwjgoustilfm@gmail.com,52450618,www.ywwjgo.com,nshlkdjjmm
374,muctfhhdkvmoj,muctfhhdkvmojqawxndgievpnbr@gmail.com,3062323513,www.muctfhhdkvmoj.com,yxhmgfhbyofmti
375,wibnlsjjysr,wibnlsjjysrdyqlwwqvsgoi@gmail.com,2466678370,www.wibnlsjjysr.com,dhnpechllky
376,unyuwdfwljuaob,unyuwdfwljuaobyntxjpbreksxixg@gmail.com,2037818743,www.unyuwdfwljuaob.com,dandrsghw
377,vrfywciuxdxbct,vrfywciuxdxbctoqrhehblstyiltk@gmail.com,5861565724,www.vrfywciuxdxbct.com,ipehuujorv
378,hbddsjexb,hbddsjexbxbottokvpd@gmail.com,6086678531,www.hbddsjexb.com,dandrsghw
379,kgybjbhmhcim,kgybjbhmhcimocxkqygeeupar@gmail.com,7540138532,www.kgybjbhmhcim.com,nviguadmutwpm
380,fuhasmibquhytf,fuhasmibquhytfhqdkawtpabjihkw@gmail.com,1752843338,www.fuhasmibquhytf.com,shgktpo
381,cmxloqrb,cmxloqrbmxkliyyhy@gmail.com,6107301177,www.cmxloqrb.com,hohcvtue
382,qdqheqhut,qdqheqhuteqtsttpvby@gmail.com,8636408874,www.qdqheqhut.com,wchsucpnsmiep
383,lvwrhmvuqtvsi,lvwrhmvuqtvsifhjpfaojcykigc@gmail.com,1154572566,www.lvwrhmvuqtvsi.com,otxqfsntrfjs
384,fjixudcpsqpk,fjixudcpsqpktryxtljdhpvkm@gmail.com,3384531636,www.fjixudcpsqpk.com,ridresxmplpod
385,ptpegtl,ptpegtlqfpheses@gmail.com,4251840136,www.ptpegtl.com,yedyyuhrgm
386,eauifucompr,eauifucomprsiiajfumauei@gmail.com,8866105230,www.eauifucompr.com,jnbgeiwcri
387,cmvhiod,cmvhiodniogjyjb@gmail.com,7221421537,www.cmvhiod.com,sfqjpv
388,iexvap,iexvapeklyhed@gmail.com,3881201304,www.iexvap.com,rilrdxbjvbtr
389,luedqs,luedqsxjumccg@gmail.com,3406642388,www.luedqs.com,hchldblmaqrkn
390,xqxapsinb,xqxapsinbwtavjgirih@gmail.com,764070232,www.xqxapsinb.com,ygmkbuqqdwb
391,bhdmserr,bhdmserrumrdvuunk@gmail.com,5252825754,www.bhdmserr.com,nkupth
392,ecklwbvbhbtcct,ecklwbvbhbtcctsfsmcmisolmvpdo@gmail.com,8565613033,www.ecklwbvbhbtcct.com,vaoykhj
393,mblertmbnhb,mblertmbnhbttnjeluavxan@gmail.com,8035524441,www.mblertmbnhb.com,sfqjpv
394,ujlhqla,ujlhqlagnxvbggk@gmail.com,5235057578,www.ujlhqla.com,otxqfsntrfjs
395,huvbyiygoncl,huvbyiygonclngbiugamnqmoe@gmail.com,3450142245,www.huvbyiygoncl.com,iwqqxqo
396,dgsnuhltlrf,dgsnuhltlrfsstiecfoxlyc@gmail.com,2524650247,www.dgsnuhltlrf.com,owifnbyh
397,nqpalumwvro,nqpalumwvrocbpoavcddnqn@gmail.com,3577044754,www.nqpalumwvro.com,jbpspnknksicgtb
398,wkognlsmjl,wkognlsmjloeevmilrpuk@gmail.com,548435414,www.wkognlsmjl.com,nviguadmutwpm
399,jxrgrudobemwl,jxrgrudobemwlxrrkgeailcuoie@gmail.com,2163412822,www.jxrgrudobemwl.com,hsdrxutksg
400,wjnbkdq,wjnbkdqpwewmlmn@gmail.com,5584735043,www.wjnbkdq.com,ouhmjwmkpkukrij
401,ckowueqwhjvxyy,ckowueqwhjvxyywsccrhiapdfvyjx@gmail.com,1277012540,www.ckowueqwhjvxyy.com,hrikjxqwwfas
402,icvtpf,icvtpfdvqnrvu@gmail.com,1206656712,www.icvtpf.com,ridresxmplpod
403,xmyiup,xmyiupedurdmv@gmail.com,5187234484,www.xmyiup.com,otxqfsntrfjs
404,ocapipxifmsxe,ocapipxifmsxegwyeiojtlrpatf@gmail.com,338380382,www.ocapipxifmsxe.com,vaoykhj
405,eqddbaxbbo,eqddbaxbbogqxowxdrcyw@gmail.com,3451633681,www.eqddbaxbbo.com,jnbgeiwcri
406,btvpnd,btvpndpbfaiqr@gmail.com,2033102076,www.btvpnd.com,siahmkmyagefx
407,ijunwixihlyn,ijunwixihlynrykeweqneryly@gmail.com,6724264553,www.ijunwixihlyn.com,yhbssoouf
408,suberdj,suberdjfmphjvhb@gmail.com,3462886066,www.suberdj.com,shgktpo
409,dxhexcanl,dxhexcanllsygsrkpci@gmail.com,1640461167,www.dxhexcanl.com,sfqjpv
410,fsmhmecf,fsmhmecfhqivlmrct@gmail.com,1278404238,www.fsmhmecf.com,eurnxg
411,cpvepsejy,cpvepsejyiisgqnornv@gmail.com,7450831286,www.cpvepsejy.com,hdqekgebug
412,dhaqkknnavadxd,dhaqkknnavadxdxkbciyiumjljoae@gmail.com,4057673548,www.dhaqkknnavadxd.com,olvxvj
413,iefymj,iefymjkkwcxes@gmail.com,3843653555,www.iefymj.com,cykxynam
414,urtrlxnr,urtrlxnrsqivoannh@gmail.com,7233283667,www.urtrlxnr.com,fxeguwlg
415,fccwrjorqyafdk,fccwrjorqyafdkmtjmefcdagbgqrm@gmail.com,1043337658,www.fccwrjorqyafdk.com,shgktpo
416,wmidoy,wmidoyxejqaju@gmail.com,4035044420,www.wmidoy.com,okajwd
417,icjdvhp,icjdvhpeaeuhxng@gmail.com,3556027206,www.icjdvhp.com,rytkekhi
418,tpxbvbfrwfs,tpxbvbfrwfsdhukinedxnug@gmail.com,6121017421,www.tpxbvbfrwfs.com,rtpsutacafujsj
419,htnevgn,htnevgnpocuvlkb@gmail.com,6016731734,www.htnevgn.com,dxcxjhy
420,acyavje,acyavjeaclayuco@gmail.com,5022047747,www.acyavje.com,rqxasplduc
421,ubyybgrq,ubyybgrqffffgffqk@gmail.com,201644325,www.ubyybgrq.com,ouhmjwmkpkukrij
422,rvrqrt,rvrqrtapoecgm@gmail.com,5151453863,www.rvrqrt.com,mfqkmuferjxmcml
423,kgpkyabokmo,kgpkyabokmohrldbkeryjdh@gmail.com,3342370487,www.kgpkyabokmo.com,cmubxkmug
424,iakhmgdb,iakhmgdbrdmmlsngv@gmail.com,765078665,www.iakhmgdb.com,yxhmgfhbyofmti
425,ntdvahvualbudb,ntdvahvualbudboxunvanmynbfogn@gmail.com,8186334275,www.ntdvahvualbudb.com,pejogqooevt
426,vqmrcygyrhlsnc,vqmrcygyrhlsncbgegwhqrdxahmdk@gmail.com,1368206072,www.vqmrcygyrhlsnc.com,wxqvbvphaoniw
427,rkhwtlr,rkhwtlrswietmdx@gmail.com,174326588,www.rkhwtlr.com,gatmjocbvdvjctj
428,salnptirtyvy,salnptirtyvydbxvmkmjnyjga@gmail.com,5282256156,www.salnptirtyvy.com,pkcdhnsjpdi
429,omeyvdrakvunxy,omeyvdrakvunxytujqcovbmwswlxq@gmail.com,8584558131,www.omeyvdrakvunxy.com,mihnvfufrq
430,vpgeraj,vpgerajpmvxktmq@gmail.com,5005681536,www.vpgeraj.com,ekboimjymq
431,nwhdskalspw,nwhdskalspwjvgndlmwmnmn@gmail.com,7428223284,www.nwhdskalspw.com,ridresxmplpod
432,avurgeks,avurgeksmuwemjnmn@gmail.com,505018151,www.avurgeks.com,rqxasplduc
433,ywrpxut,ywrpxutelmrersn@gmail.com,4237435744,www.ywrpxut.com,lsjggu
434,wnjkeelfukffm,wnjkeelfukffmsgvyyferbcprwf@gmail.com,273811738,www.wnjkeelfukffm.com,wxqvbvphaoniw
435,xrpxpbl,xrpxpblmygbuyxe@gmail.com,8441713100,www.xrpxpbl.com,hdqekgebug
436,bwfqtlnrggvrj,bwfqtlnrggvrjgfponqlfyntwem@gmail.com,3754784033,www.bwfqtlnrggvrj.com,vrrcgoxaix
437,ygllojhunldv,ygllojhunldvffaogrwskhaxh@gmail.com,266752468,www.ygllojhunldv.com,cykxynam
438,knkbisr,knkbisrptdowwdn@gmail.com,3684775281,www.knkbisr.com,bjsrekgtihgala
439,qwvyjrs,qwvyjrsivulcern@gmail.com,4786171842,www.qwvyjrs.com,mjtjrwhaj
440,vnoiujxnyp,vnoiujxnypewsxvbtwqhl@gmail.com,6358735401,www.vnoiujxnyp.com,cykxynam
441,sthjef,sthjefywysdve@gmail.com,8720206603,www.sthjef.com,ytlmfklsslgt
442,lnbrlfrp,lnbrlfrpsinxiggdk@gmail.com,2452567313,www.lnbrlfrp.com,bhuvlipbh
443,xfbqbtgvuklyme,xfbqbtgvuklymekslflyblupkaqse@gmail.com,602263337,www.xfbqbtgvuklyme.com,jbpspnknksicgtb
444,hsdjykiodgpgr,hsdjykiodgpgrbmnjjvyortptqw@gmail.com,3776187257,www.hsdjykiodgpgr.com,honjkqgwo
445,tcicqgqbvdcyw,tcicqgqbvdcywqfbbjcqrjnfdbj@gmail.com,6363208772,www.tcicqgqbvdcyw.com,shgktpo
446,nrhqktbsiwqp,nrhqktbsiwqpplcxreqwsytpj@gmail.com,7116087611,www.nrhqktbsiwqp.com,fuxcvunfcwiqtu
447,bmrpvjoun,bmrpvjounyfytdhfkcx@gmail.com,6354542868,www.bmrpvjoun.com,pejogqooevt
448,jdlixybm,jdlixybmkxpmwwgxo@gmail.com,3410460287,www.jdlixybm.com,tvxullxacfr
449,tjmsbn,tjmsbngygpqsr@gmail.com,7760480615,www.tjmsbn.com,evvptlntf
450,vgcuundbaet,vgcuundbaetixbtbodrkvjg@gmail.com,5540514228,www.vgcuundbaet.com,hdqekgebug
451,bgemrfafd,bgemrfafdbdbhaukwlv@gmail.com,8128862500,www.bgemrfafd.com,wxqvbvphaoniw
452,wdjdvahtilqxmi,wdjdvahtilqxmimaheqekysjeufoa@gmail.com,1351880834,www.wdjdvahtilqxmi.com,bhuvlipbh
453,cxggpiyxpjnwr,cxggpiyxpjnwrhbbgwlgatqwcug@gmail.com,1517120810,www.cxggpiyxpjnwr.com,yfjmnbjaskwyhlq
454,okqnltnvphwrnl,okqnltnvphwrnldawvgrqytmjqvtg@gmail.com,2318255847,www.okqnltnvphwrnl.com,hchldblmaqrkn
455,eopfloq,eopfloqojfxswmo@gmail.com,5285747483,www.eopfloq.com,ujeccplcqhleiec
456,ngrgjralxxwdk,ngrgjralxxwdkfftexpehhsopdi@gmail.com,8738648561,www.ngrgjralxxwdk.com,dihklngjnsdy
457,wfmtlolbj,wfmtlolbjitaxrubfse@gmail.com,6571240806,www.wfmtlolbj.com,wxqvbvphaoniw
458,qyngrwhienwosq,qyngrwhienwosqgivvukdyfdtvfld@gmail.com,3081856455,www.qyngrwhienwosq.com,ytlmfklsslgt
459,hlnafmhdalmo,hlnafmhdalmodbrlbwqvlcmdr@gmail.com,8077436786,www.hlnafmhdalmo.com,dkygfaseoaoj
460,dvgpufpnrxe,dvgpufpnrxehahcyojrabyh@gmail.com,1015533333,www.dvgpufpnrxe.com,owifnbyh
461,xhgicjgo,xhgicjgowtwijwypq@gmail.com,3828163280,www.xhgicjgo.com,hohcvtue
462,pbxexdubvcnpno,pbxexdubvcnpnoqhhrddrspeawjtm@gmail.com,180126522,www.pbxexdubvcnpno.com,okajwd
463,uiloknqcm,uiloknqcmbebjytkpny@gmail.com,7628171665,www.uiloknqcm.com,rkwxrcaglsbk
464,waynmojwrqfy,waynmojwrqfykuyjuqlqqcixj@gmail.com,4628733066,www.waynmojwrqfy.com,cngsubhnklcy
465,lwhfquhnt,lwhfquhntblbmuwpqgd@gmail.com,4178464641,www.lwhfquhnt.com,hrikjxqwwfas
466,sidwapnfk,sidwapnfkofmydeqoop@gmail.com,4863141370,www.sidwapnfk.com,cmubxkmug
467,hdvkluoolpqe,hdvkluoolpqetlwksesbwxxng@gmail.com,3363328470,www.hdvkluoolpqe.com,jbpspnknksicgtb
468,ukwbbwtxuex,ukwbbwtxuexoptluautvdxm@gmail.com,8341047821,www.ukwbbwtxuex.com,nkupth
469,wcnrdgmluwmwpm,wcnrdgmluwmwpmfdsaiwwoancwcos@gmail.com,8347511246,www.wcnrdgmluwmwpm.com,leepqnywcf
470,uhkmitvadgfwy,uhkmitvadgfwyncpqlqekjqdsbe@gmail.com,6100562241,www.uhkmitvadgfwy.com,slbqfpebe
471,lccinojukmpwh,lccinojukmpwhdjhpenxspdglid@gmail.com,3265627383,www.lccinojukmpwh.com,bhuvlipbh
472,ggvdwmtdqrrwkd,ggvdwmtdqrrwkdurtxsladjgivobl@gmail.com,7542321170,www.ggvdwmtdqrrwkd.com,tvxullxacfr
473,kbngvxp,kbngvxpfypnvgbl@gmail.com,8141006722,www.kbngvxp.com,qxdhheldixrgbme
474,xauhpn,xauhpnpywdkqv@gmail.com,8808613651,www.xauhpn.com,ipixilhdxnuduj
475,efraltgthxgj,efraltgthxgjdboyvhxrothjv@gmail.com,8533251403,www.efraltgthxgj.com,nkupth
476,xwxkcuckhgy,xwxkcuckhgywqlmkfgvwjov@gmail.com,8071387542,www.xwxkcuckhgy.com,mihnvfufrq
477,bfaptxpb,bfaptxpbgkyigsnpt@gmail.com,5408427151,www.bfaptxpb.com,hrikjxqwwfas
478,tiixsj,tiixsjxumafrj@gmail.com,8017072143,www.tiixsj.com,nviguadmutwpm
479,yrhmrcwoqqynro,yrhmrcwoqqynroeijrlmbqlsytfjw@gmail.com,503245150,www.yrhmrcwoqqynro.com,kkmxug
480,guneibpspik,guneibpspikjqxmksoauvau@gmail.com,2808638615,www.guneibpspik.com,nubsveh
481,mykmjucfr,mykmjucfrjpgruqxlym@gmail.com,7378354265,www.mykmjucfr.com,grrlarpenxxwd
482,mjjcpcyulewmx,mjjcpcyulewmxlftgooyhadvbom@gmail.com,576703838,www.mjjcpcyulewmx.com,nshlkdjjmm
483,ukworul,ukworulqgslyblk@gmail.com,4721682107,www.ukworul.com,nkupth
484,cysddrphqouf,cysddrphqoufdfgymtxhynsiw@gmail.com,7238228245,www.cysddrphqouf.com,pkcdhnsjpdi
485,ptbdqplsive,ptbdqplsivejtedwsatygdw@gmail.com,3227822227,www.ptbdqplsive.com,ridresxmplpod
486,cckxxcn,cckxxcnpbpundwx@gmail.com,5521161767,www.cckxxcn.com,gatmjocbvdvjctj
487,cslsyx,cslsyxbmoybvk@gmail.com,6467607054,www.cslsyx.com,nubsveh
488,pvpdwvhd,pvpdwvhdxqnjcvmuq@gmail.com,3336212323,www.pvpdwvhd.com,mfvenpvqpdyc
489,dgohoudsqxrms,dgohoudsqxrmsjycongeungciyn@gmail.com,7637183767,www.dgohoudsqxrms.com,otxqfsntrfjs
490,xdpwwwkllayjlu,xdpwwwkllayjlusmedkxyjprrxkoe@gmail.com,7833711087,www.xdpwwwkllayjlu.com,clkwyejyflmngxc
491,narkwrcn,narkwrcntuqbgvtns@gmail.com,3486230730,www.narkwrcn.com,dxcxjhy
492,fbbpwdv,fbbpwdvaaqmcumv@gmail.com,2112075036,www.fbbpwdv.com,ygmkbuqqdwb
493,hydxyluej,hydxyluejcqevxuensm@gmail.com,5757312726,www.hydxyluej.com,tvxullxacfr
494,vhbnyeqpkf,vhbnyeqpkfyywnqwprfwa@gmail.com,3880303426,www.vhbnyeqpkf.com,dxcxjhy
495,wugcxl,wugcxlwifnsrg@gmail.com,3648811434,www.wugcxl.com,cykxynam
496,fvgjynngvxg,fvgjynngvxgqoytgnwmqdtm@gmail.com,2836773823,www.fvgjynngvxg.com,sfqjpv
497,kxdjgvblmnnx,kxdjgvblmnnxnqgexnorlsfqt@gmail.com,2175875073,www.kxdjgvblmnnx.com,ridresxmplpod
498,wdopvtj,wdopvtjqggvtsik@gmail.com,4347832724,www.wdopvtj.com,siahmkmyagefx
499,ifntxbeaja,ifntxbeajaurlygfuasag@gmail.com,6382344610,www.ifntxbeaja.com,ujeccplcqhleiec
500,jadxsqdyf,jadxsqdyfewlxqlcedi@gmail.com,2000737727,www.jadxsqdyf.com,pewmslnccfh
501,rccucq,rccucqigbenlk@gmail.com,8581388718,www.rccucq.com,mfqkmuferjxmcml
502,ubgqxurtoqtejq,ubgqxurtoqtejqscxymdhaoalfbqf@gmail.com,1104228860,www.ubgqxurtoqtejq.com,ouhmjwmkpkukrij
503,xbcdgifkddq,xbcdgifkddqbfhlxpjhfbxe@gmail.com,2034647223,www.xbcdgifkddq.com,lfcwrgwa
504,tuygquhjssosti,tuygquhjssostinbniluslkxwruxe@gmail.com,2780831773,www.tuygquhjssosti.com,clkwyejyflmngxc
505,pnlhsfe,pnlhsfeexfpwkfl@gmail.com,4785850374,www.pnlhsfe.com,yedyyuhrgm
506,exqjdkar,exqjdkarctggfovul@gmail.com,7382853138,www.exqjdkar.com,ouhmjwmkpkukrij
507,hundlnklhd,hundlnklhdfmxitumwgev@gmail.com,874216448,www.hundlnklhd.com,dhnpechllky
508,rbelhoqgygck,rbelhoqgygckleifhpmsoqtoj@gmail.com,4674446572,www.rbelhoqgygck.com,clkwyejyflmngxc
509,jlukhn,jlukhnmbtrtor@gmail.com,4778121157,www.jlukhn.com,hohcvtue
510,tefwcfrbkvmety,tefwcfrbkvmetyhjybyfaicvdedfu@gmail.com,2720445236,www.tefwcfrbkvmety.com,yuyncjpwl
511,qqkgjishpc,qqkgjishpcsanwlvosmwg@gmail.com,4473837830,www.qqkgjishpc.com,sffxawqear
512,rynsioxk,rynsioxknqjprmtfa@gmail.com,648035460,www.rynsioxk.com,ygmkbuqqdwb
513,isekxc,isekxcgdppabw@gmail.com,5280866757,www.isekxc.com,tvxullxacfr
514,knukmbdribcs,knukmbdribcsntrchcpkajkjs@gmail.com,7517761577,www.knukmbdribcs.com,gyotdcwykay
515,qoaoxtlu,qoaoxtluqmixybbhx@gmail.com,5373173720,www.qoaoxtlu.com,mfqkmuferjxmcml
516,pkkelfblymwx,pkkelfblymwxhpnmuxaiovibi@gmail.com,1542554318,www.pkkelfblymwx.com,xfdkhidkwl
517,oxmqiltdirlxtl,oxmqiltdirlxtlofdgskwfvihfpqg@gmail.com,5547604617,www.oxmqiltdirlxtl.com,lfcwrgwa
518,bpfkyggdbt,bpfkyggdbtqkfjcyrhhwh@gmail.com,7286410853,www.bpfkyggdbt.com,wchsucpnsmiep
519,qxyfcusv,qxyfcusvdpgbtfwud@gmail.com,4055673318,www.qxyfcusv.com,vaoykhj
520,jgbylx,jgbylxwqkwgrf@gmail.com,7335512425,www.jgbylx.com,bgukvgux
521,qmrpbvfxkq,qmrpbvfxkqugmmhuqbhpg@gmail.com,8723568565,www.qmrpbvfxkq.com,dxcxjhy
522,uhvhmuqlhufh,uhvhmuqlhufhsgjvvkmbcdbmr@gmail.com,7710664602,www.uhvhmuqlhufh.com,wchsucpnsmiep
523,gmmhldlqc,gmmhldlqcpmwnwbspqc@gmail.com,3052084134,www.gmmhldlqc.com,wxqvbvphaoniw
524,llkuxcjnlpxejm,llkuxcjnlpxejmrlmjcinvrmcogvb@gmail.com,7140458811,www.llkuxcjnlpxejm.com,nviguadmutwpm
525,lrsskavm,lrsskavmfimvkwsrv@gmail.com,2752058020,www.lrsskavm.com,cykxynam
526,ifnnpfmlg,ifnnpfmlghoiymnrqpr@gmail.com,8124153145,www.ifnnpfmlg.com,ygmkbuqqdwb
527,tmucicdad,tmucicdaduvsepvekpm@gmail.com,6887276306,www.tmucicdad.com,fxeguwlg
528,hdfgbsev,hdfgbsevvuajxvvja@gmail.com,1500020673,www.hdfgbsev.com,sgiveqadxnwngl
529,xewdlkgov,xewdlkgovlhciujxmgt@gmail.com,5385456260,www.xewdlkgov.com,viohdwniudbjcp
530,dsfhcjigdepbb,dsfhcjigdepbbdomqdxxhnfcbis@gmail.com,7452433242,www.dsfhcjigdepbb.com,edpeie
531,mufohcfi,mufohcfiqlpvsnbst@gmail.com,7678141640,www.mufohcfi.com,hooifynydq
532,xcfcywrnbxpd,xcfcywrnbxpdbwydswvxlhdut@gmail.com,7827587488,www.xcfcywrnbxpd.com,nubsveh
533,ulclmthg,ulclmthgpcleufhnc@gmail.com,5217072880,www.ulclmthg.com,sfqjpv
534,empeae,empeaeiaaxkoj@gmail.com,6362635671,www.empeae.com,slbqfpebe
535,sdhvmfpdg,sdhvmfpdgqhqbapdtqc@gmail.com,8624612777,www.sdhvmfpdg.com,viohdwniudbjcp
536,raerhgfyi,raerhgfyimmkmnlchct@gmail.com,545054238,www.raerhgfyi.com,vaoykhj
537,ymsafhaeynimlp,ymsafhaeynimlponmbxeicmcvhlig@gmail.com,5852474533,www.ymsafhaeynimlp.com,lsjggu
538,bbmikkwe,bbmikkwescvuiciwv@gmail.com,5464361866,www.bbmikkwe.com,efuxcqscagkbr
539,eqaffe,eqaffejypqvcs@gmail.com,2100787448,www.eqaffe.com,cmrgxylnapeq
540,gtalgjmygn,gtalgjmygndmqxynujwcn@gmail.com,1712480405,www.gtalgjmygn.com,fysjvecb
541,mldfuspk,mldfuspkxummlrcnc@gmail.com,2401777047,www.mldfuspk.com,pewmslnccfh
542,yaidbqunoyydf,yaidbqunoyydfcumiswcqmavgec@gmail.com,2208234204,www.yaidbqunoyydf.com,dcehrigdbex
543,xgjopxopimo,xgjopxopimotgwnilkjamtp@gmail.com,1002130780,www.xgjopxopimo.com,fxeguwlg
544,rmwpnoavbwpm,rmwpnoavbwpmfpvbccreelgcc@gmail.com,5221283132,www.rmwpnoavbwpm.com,hrikjxqwwfas
545,cascglvbdyyw,cascglvbdyywdeaigsnepkgef@gmail.com,1770068210,www.cascglvbdyyw.com,dandrsghw
546,jqvsfjwrcrne,jqvsfjwrcrnexjonvkemqdhaf@gmail.com,8812716233,www.jqvsfjwrcrne.com,ytlmfklsslgt
547,tgvyymjvuqe,tgvyymjvuqermbhnswiluev@gmail.com,8335730360,www.tgvyymjvuqe.com,hdqekgebug
548,mjkivbbruuj,mjkivbbruujunwkxndumrih@gmail.com,1271265718,www.mjkivbbruuj.com,bhuvlipbh
549,vtinhaji,vtinhajiccwmwidpf@gmail.com,3362223350,www.vtinhaji.com,nviguadmutwpm
550,hyvjnonm,hyvjnonmilcovqneh@gmail.com,515347888,www.hyvjnonm.com,bjsrekgtihgala
551,ojnfjknm,ojnfjknmfgicbnpmr@gmail.com,7436353304,www.ojnfjknm.com,shgktpo
552,dpnnsxr,dpnnsxrqjbskfbk@gmail.com,6744273734,www.dpnnsxr.com,cccqsu
553,osasbwdege,osasbwdegegdomrwalvuv@gmail.com,7357085417,www.osasbwdege.com,rkwxrcaglsbk
554,krjcosnsjsx,krjcosnsjsxqwruqnchtduf@gmail.com,3388886883,www.krjcosnsjsx.com,hohcvtue
555,xbxomwtxxu,xbxomwtxxugccroiquexv@gmail.com,281015864,www.xbxomwtxxu.com,eurnxg
556,ohnjfvm,ohnjfvmrggyqvdp@gmail.com,287516477,www.ohnjfvm.com,cmrgxylnapeq
557,xkljyqaaykak,xkljyqaaykakncophklkkegoo@gmail.com,6687231840,www.xkljyqaaykak.com,fnvjlabc
558,jslcsilogdljb,jslcsilogdljbgvabwrfmnhctcb@gmail.com,8475663656,www.jslcsilogdljb.com,wxqvbvphaoniw
559,hiqvjq,hiqvjqpruqhru@gmail.com,688812381,www.hiqvjq.com,tvxullxacfr
560,hnseefvthibbqk,hnseefvthibbqkjjucroawrhukqqs@gmail.com,1175888112,www.hnseefvthibbqk.com,pejogqooevt
561,cgqqlysqow,cgqqlysqowvdejlwielpc@gmail.com,1361373667,www.cgqqlysqow.com,honjkqgwo
562,drgixxvovwo,drgixxvovwoatyvdqpkjtve@gmail.com,6311482304,www.drgixxvovwo.com,siahmkmyagefx
563,tnqesiukywyosi,tnqesiukywyosirxmaspcibvvmvtd@gmail.com,1454884725,www.tnqesiukywyosi.com,clkwyejyflmngxc
564,ohvmbt,ohvmbtrvoolpb@gmail.com,1053345857,www.ohvmbt.com,edpeie
565,kmdcluqc,kmdcluqclprmghumt@gmail.com,4777804310,www.kmdcluqc.com,bjsrekgtihgala
566,eflpotvravk,eflpotvravklioudpurceub@gmail.com,1426221804,www.eflpotvravk.com,cngsubhnklcy
567,oxnklwvb,oxnklwvburihmsapn@gmail.com,2037258408,www.oxnklwvb.com,dihklngjnsdy
568,bvwtpgbtxj,bvwtpgbtxjdfjakdpsmhv@gmail.com,4546521826,www.bvwtpgbtxj.com,sffxawqear
569,wsbrmydmv,wsbrmydmvmdjnfoqspv@gmail.com,6568003553,www.wsbrmydmv.com,mihnvfufrq
570,qmafimoamh,qmafimoamhlofiufoeuql@gmail.com,8168868073,www.qmafimoamh.com,bhuvlipbh
571,lmnrchup,lmnrchupdfntwcvrh@gmail.com,4652171158,www.lmnrchup.com,sffxawqear
572,mhpfhmlkmbpi,mhpfhmlkmbpifecuxijyhodsb@gmail.com,4565428350,www.mhpfhmlkmbpi.com,jnbgeiwcri
573,dedtobue,dedtobueomviomsbt@gmail.com,1152675827,www.dedtobue.com,sffxawqear
574,kdeemrlkbdrt,kdeemrlkbdrtcnyqsdqabmpbp@gmail.com,3143242376,www.kdeemrlkbdrt.com,dxcxjhy
575,dgnkjxsgqdil,dgnkjxsgqdilwlegopybkkxmt@gmail.com,7722355610,www.dgnkjxsgqdil.com,wchsucpnsmiep
576,sytlnuexx,sytlnuexxagfhrokeey@gmail.com,4404421630,www.sytlnuexx.com,ujeccplcqhleiec
577,ytbtmuokggr,ytbtmuokggrudoxhfitkhqu@gmail.com,8620355717,www.ytbtmuokggr.com,vrrcgoxaix
578,fjyqmasbhag,fjyqmasbhagfaopecxbowbv@gmail.com,3463561244,www.fjyqmasbhag.com,efuxcqscagkbr
579,drfsnqq,drfsnqqaxhdjbqd@gmail.com,2436784280,www.drfsnqq.com,mfvenpvqpdyc
580,ihldtsu,ihldtsuhqxbmioc@gmail.com,7560141431,www.ihldtsu.com,sfqjpv
581,frqdcftkfpvqah,frqdcftkfpvqahtlhafjfmvawjqqo@gmail.com,4643516260,www.frqdcftkfpvqah.com,yuyncjpwl
582,pseykwqj,pseykwqjpifscammj@gmail.com,6074213756,www.pseykwqj.com,mfqkmuferjxmcml
583,mtamymr,mtamymrpxjnkuac@gmail.com,231655465,www.mtamymr.com,gyotdcwykay
584,reairnhrvcl,reairnhrvclsgmbvmhxyqjq@gmail.com,2577453351,www.reairnhrvcl.com,ekboimjymq
585,klyyrm,klyyrmsdhakyf@gmail.com,365584660,www.klyyrm.com,sgiveqadxnwngl
586,vdnkwywi,vdnkwywixbuvuobqe@gmail.com,8840860317,www.vdnkwywi.com,revvwq
587,pbdtjtphqcjxr,pbdtjtphqcjxrhesaypqbsqylxb@gmail.com,7438507327,www.pbdtjtphqcjxr.com,grrlarpenxxwd
588,jfitis,jfitisppursgc@gmail.com,7322864152,www.jfitis.com,ykaqopmko
589,buitigmayvkru,buitigmayvkruolgqoqxvenbymj@gmail.com,3067710024,www.buitigmayvkru.com,yfjmnbjaskwyhlq
590,jpkfle,jpkfleershjmi@gmail.com,1063755421,www.jpkfle.com,ouhmjwmkpkukrij
591,okgorcqrc,okgorcqrchetteqbcog@gmail.com,6138716710,www.okgorcqrc.com,mfvenpvqpdyc
592,ckikeuimfqwmsw,ckikeuimfqwmswxbfcsxunfokkgwx@gmail.com,5780507747,www.ckikeuimfqwmsw.com,vaoykhj
593,kbygqqypyi,kbygqqypyigjpxrdmbgsf@gmail.com,3381485006,www.kbygqqypyi.com,okajwd
594,gtxysqufiphkgk,gtxysqufiphkgkrinwekegcgmyaxd@gmail.com,8582047470,www.gtxysqufiphkgk.com,ipixilhdxnuduj
595,rqeowdwtdstmd,rqeowdwtdstmdttukolgfktgmfp@gmail.com,8635016310,www.rqeowdwtdstmd.com,wchsucpnsmiep
596,eetkfrxkyec,eetkfrxkyecbgrvnlkqqbqg@gmail.com,1352102758,www.eetkfrxkyec.com,sfqjpv
597,njnjouchpheyvu,njnjouchpheyvunokbsnxdtjgbgja@gmail.com,4367533670,www.njnjouchpheyvu.com,yxhmgfhbyofmti
598,gdorvw,gdorvwoofgpeo@gmail.com,1738202165,www.gdorvw.com,wxqvbvphaoniw
599,cubfmt,cubfmtinfjnwb@gmail.com,242346338,www.cubfmt.com,ekboimjymq
600,kaglqxxqybmtvd,kaglqxxqybmtvdjucvuimcdqsvqoj@gmail.com,270123544,www.kaglqxxqybmtvd.com,qxdhheldixrgbme
601,wmouvyxcp,wmouvyxcpyqaqncpkuk@gmail.com,7310671283,www.wmouvyxcp.com,gyotdcwykay
602,cqctuqe,cqctuqekaffjbbf@gmail.com,1237447545,www.cqctuqe.com,ipixilhdxnuduj
603,kcloxyuutnpfdp,kcloxyuutnpfdpqfkkesmypbfbhuc@gmail.com,211306841,www.kcloxyuutnpfdp.com,fxeguwlg
604,svyujygsp,svyujygsphqfpknpbyk@gmail.com,5378443753,www.svyujygsp.com,otxqfsntrfjs
605,wlsetnrxvedcy,wlsetnrxvedcyaulrxaibuatmcg@gmail.com,2027867481,www.wlsetnrxvedcy.com,rtpsutacafujsj
606,jaqyiwuervnegf,jaqyiwuervnegfakowsmxfoffjwjv@gmail.com,754031633,www.jaqyiwuervnegf.com,gatmjocbvdvjctj
607,phqryv,phqryvnvxamkj@gmail.com,4210026623,www.phqryv.com,otxqfsntrfjs
608,xlrjimemmpgctq,xlrjimemmpgctqnbtxawwlvbgleni@gmail.com,6254447760,www.xlrjimemmpgctq.com,sfqjpv
609,jxkjguoawoshsa,jxkjguoawoshsarucdcduwivmikqy@gmail.com,6063073258,www.jxkjguoawoshsa.com,fysjvecb
610,ycleimh,ycleimhdrwtlynx@gmail.com,7717214188,www.ycleimh.com,otxqfsntrfjs
611,fyrkukqbvbdtg,fyrkukqbvbdtgdgsmavpwwbisnl@gmail.com,4746776377,www.fyrkukqbvbdtg.com,sffxawqear
612,kqsrhijefpxs,kqsrhijefpxswrxhktqcaghqb@gmail.com,5480260803,www.kqsrhijefpxs.com,clkwyejyflmngxc
613,fmjadcnrf,fmjadcnrfvylukwcfnx@gmail.com,8121565211,www.fmjadcnrf.com,cmrgxylnapeq
614,lhmuidpny,lhmuidpnyutxyrcfixx@gmail.com,7123465227,www.lhmuidpny.com,cccqsu
615,kitoddw,kitoddwbkxygdwt@gmail.com,1163854248,www.kitoddw.com,olvxvj
616,wkntfygahqnmjy,wkntfygahqnmjykynbefdwiranbgp@gmail.com,7163108763,www.wkntfygahqnmjy.com,bgukvgux
617,lrstuwj,lrstuwjmgmgqecy@gmail.com,7765433876,www.lrstuwj.com,grrlarpenxxwd
618,iknwsvmhjt,iknwsvmhjthgdjiyebsct@gmail.com,5447771723,www.iknwsvmhjt.com,ygmkbuqqdwb
619,tvsgudap,tvsgudapegwdjjikq@gmail.com,4212248012,www.tvsgudap.com,pkcdhnsjpdi
620,xexovfl,xexovflbgshmtsa@gmail.com,733500084,www.xexovfl.com,cljlufkgab
621,xuxvqddi,xuxvqddiwgpscwymg@gmail.com,8562234514,www.xuxvqddi.com,edpeie
622,yvbimf,yvbimfpjfwqxx@gmail.com,6344212507,www.yvbimf.com,lsjggu
623,bcpxxi,bcpxxiknueear@gmail.com,3702750825,www.bcpxxi.com,dihklngjnsdy
624,lygamkxe,lygamkxeenrkavhst@gmail.com,507434375,www.lygamkxe.com,ytlmfklsslgt
625,qxvxdatqeeu,qxvxdatqeeudxhwkyeafyvx@gmail.com,3175061603,www.qxvxdatqeeu.com,lfcwrgwa
626,lrqebrbuarc,lrqebrbuarccvrsslrdqaij@gmail.com,8734007405,www.lrqebrbuarc.com,mjtjrwhaj
627,abfypbqupf,abfypbqupfnmtjmflhqyg@gmail.com,8311566030,www.abfypbqupf.com,fysjvecb
628,muubgseadmy,muubgseadmynpchironitmu@gmail.com,2557673504,www.muubgseadmy.com,ouhmjwmkpkukrij
629,ohycimcon,ohycimconriveyvxqdg@gmail.com,7146483886,www.ohycimcon.com,ipnxevlq
630,ettbvwdj,ettbvwdjfowdkyekr@gmail.com,7312114044,www.ettbvwdj.com,wchsucpnsmiep
631,pwhodrdwet,pwhodrdwetsouevqkjffp@gmail.com,8100006737,www.pwhodrdwet.com,kkmxug
632,wabtyqj,wabtyqjdfljkoux@gmail.com,6273620642,www.wabtyqj.com,efuxcqscagkbr
633,kuigshbovnqn,kuigshbovnqnrwtbjkbvokxvg@gmail.com,7448407575,www.kuigshbovnqn.com,ipehuujorv
634,gepykfqjnc,gepykfqjncnkmibmfujlg@gmail.com,7773751160,www.gepykfqjnc.com,hchldblmaqrkn
635,fdvddblboifnp,fdvddblboifnplmrwphfahgfnvv@gmail.com,5427736240,www.fdvddblboifnp.com,fnvjlabc
636,wuacwf,wuacwfqqeutqx@gmail.com,3136200353,www.wuacwf.com,cngsubhnklcy
637,pggpnpnju,pggpnpnjuqqsykhixeq@gmail.com,3014025082,www.pggpnpnju.com,cmubxkmug
638,pgurrmw,pgurrmwrniuvbbs@gmail.com,2232261842,www.pgurrmw.com,leepqnywcf
639,fdllikaluvyq,fdllikaluvyqdviofhivmqsrb@gmail.com,3474667432,www.fdllikaluvyq.com,ipnxevlq
640,sesirh,sesirhjxurwjd@gmail.com,8674753482,www.sesirh.com,fnvjlabc
641,ychfpnt,ychfpntuaamdxhx@gmail.com,217365807,www.ychfpnt.com,iwqqxqo
642,irdxqbyufg,irdxqbyufgqbymnqrgfnd@gmail.com,210877737,www.irdxqbyufg.com,bhuvlipbh
643,ntlxpirr,ntlxpirrrahmffwwd@gmail.com,5668364810,www.ntlxpirr.com,pewmslnccfh
644,xttmlewfpef,xttmlewfpefshfqnbayxsgp@gmail.com,401780721,www.xttmlewfpef.com,hdqekgebug
645,vquuajskg,vquuajskgvvibrtrspb@gmail.com,1116550475,www.vquuajskg.com,dxcxjhy
646,bosnvbwdetctlk,bosnvbwdetctlkbgqumewqaayqljw@gmail.com,6788775042,www.bosnvbwdetctlk.com,rkwxrcaglsbk
647,bujxbq,bujxbqrrgcoac@gmail.com,783472150,www.bujxbq.com,dandrsghw
648,ivbhnb,ivbhnbnchpalo@gmail.com,2517380820,www.ivbhnb.com,gatmjocbvdvjctj
649,fjthxjs,fjthxjswmadijma@gmail.com,7836237535,www.fjthxjs.com,rytkekhi
650,ynisylq,ynisylqrxjdwldu@gmail.com,4357035880,www.ynisylq.com,jlqohfk
651,hultae,hultaexvvqwys@gmail.com,8277157054,www.hultae.com,mfvenpvqpdyc
652,yvwlspfe,yvwlspfeatqfbypcf@gmail.com,266335382,www.yvwlspfe.com,bgukvgux
653,lcqkpnyac,lcqkpnyacmlswjptxfl@gmail.com,5487204627,www.lcqkpnyac.com,dandrsghw
654,wjjefp,wjjefpwxvecuq@gmail.com,4855678042,www.wjjefp.com,lsjggu
655,veqscvtcmxwek,veqscvtcmxwekketkmwkuglxxng@gmail.com,732235266,www.veqscvtcmxwek.com,hdqekgebug
656,kkegjvpwc,kkegjvpwcxsxphjiiwn@gmail.com,5622504108,www.kkegjvpwc.com,gyotdcwykay
657,ucqthnrlwe,ucqthnrlweoivghmpwifp@gmail.com,6867258423,www.ucqthnrlwe.com,fxeguwlg
658,reiklptcwayke,reiklptcwaykevjovgaqkrhvupx@gmail.com,5207672527,www.reiklptcwayke.com,yxhmgfhbyofmti
659,wqivqvegskp,wqivqvegskpqlhlsxhlaydx@gmail.com,8308888045,www.wqivqvegskp.com,ipehuujorv
660,drpxsivyqqi,drpxsivyqqiqgqnpgdeandg@gmail.com,7516148573,www.drpxsivyqqi.com,owifnbyh
661,gvawuyflarlslp,gvawuyflarlslpkuwlexicffyhmye@gmail.com,7873602222,www.gvawuyflarlslp.com,evvptlntf
662,bcflegriuna,bcflegriunaewwdeiftqgnv@gmail.com,1217160532,www.bcflegriuna.com,ridresxmplpod
663,tlyjxvky,tlyjxvkyrbimdihtj@gmail.com,5812868483,www.tlyjxvky.com,ridresxmplpod
664,hqletlq,hqletlqnetsgpqa@gmail.com,3670867740,www.hqletlq.com,jbpspnknksicgtb
665,rqurddgvyhgwg,rqurddgvyhgwgwilsrooaqqtgaw@gmail.com,3841232882,www.rqurddgvyhgwg.com,clkwyejyflmngxc
666,vnubwkiqdpjivg,vnubwkiqdpjivgfonjvniuelfmtvy@gmail.com,1630532517,www.vnubwkiqdpjivg.com,siahmkmyagefx
667,aitqhuouwyb,aitqhuouwybauureqnamyvc@gmail.com,2354568260,www.aitqhuouwyb.com,cykxynam
668,vxndbdcocupjd,vxndbdcocupjdmrjvxbudnnkhok@gmail.com,3645102522,www.vxndbdcocupjd.com,cljlufkgab
669,foqjlvlsfbwmgw,foqjlvlsfbwmgwkteskhvltgbghvu@gmail.com,8123583778,www.foqjlvlsfbwmgw.com,clkwyejyflmngxc
670,krosusrtl,krosusrtlqhaqagnarw@gmail.com,4543826123,www.krosusrtl.com,efuxcqscagkbr
671,eyurgxlck,eyurgxlckxqfysjswpc@gmail.com,8105852008,www.eyurgxlck.com,evvptlntf
672,ukoevubquuqec,ukoevubquuqecmwwsenrmgptuog@gmail.com,1267837718,www.ukoevubquuqec.com,hchldblmaqrkn
673,dcpfwuidcki,dcpfwuidckifptfeyyavrut@gmail.com,7551464056,www.dcpfwuidcki.com,edpeie
674,vfchylgbccsy,vfchylgbccsyjkkkkbmcolnni@gmail.com,4814312852,www.vfchylgbccsy.com,yfjmnbjaskwyhlq
675,kslahhijslxrb,kslahhijslxrbxctkxxtrpvebja@gmail.com,4500542532,www.kslahhijslxrb.com,bhuvlipbh
676,buwlciiqri,buwlciiqriqyabppvbwck@gmail.com,6551533203,www.buwlciiqri.com,sffxawqear
677,oaavav,oaavavmhalyrq@gmail.com,1276510370,www.oaavav.com,vaoykhj
678,qwidrgtnfqrtt,qwidrgtnfqrttmcpcfcntstgiut@gmail.com,4253204703,www.qwidrgtnfqrtt.com,hrikjxqwwfas
679,rlgnysnoag,rlgnysnoaglpmxpbpfaam@gmail.com,4430873331,www.rlgnysnoag.com,oqrlpajqmf
680,jwugynvqorcexn,jwugynvqorcexnpbiholkknughvxa@gmail.com,5713132354,www.jwugynvqorcexn.com,cmrgxylnapeq
681,jdjfyjpripfr,jdjfyjpripfrlxmrsydgmiogx@gmail.com,5405441385,www.jdjfyjpripfr.com,revvwq
682,fxstxkfneb,fxstxkfnebhlwrgaswlmp@gmail.com,7808538568,www.fxstxkfneb.com,nonirobpwlld
683,jilmtufxm,jilmtufxmtypopjnbjo@gmail.com,8475325602,www.jilmtufxm.com,oqrlpajqmf
684,fispxusaaqvy,fispxusaaqvyqayeenmvmlrbl@gmail.com,8488452078,www.fispxusaaqvy.com,ujeccplcqhleiec
685,rmovjmkgfbk,rmovjmkgfbkecprcwvgphsr@gmail.com,2847220362,www.rmovjmkgfbk.com,ytlmfklsslgt
686,dtqaltrsgq,dtqaltrsgqtclrxcxdytj@gmail.com,5118534854,www.dtqaltrsgq.com,dihklngjnsdy
687,ddvpsh,ddvpshtdnbahu@gmail.com,7388653411,www.ddvpsh.com,rkwxrcaglsbk
688,jfwedwgnpej,jfwedwgnpejrlycvrslcqjk@gmail.com,5336088757,www.jfwedwgnpej.com,eurnxg
689,jpvjdaui,jpvjdauigxjelrorf@gmail.com,5843067047,www.jpvjdaui.com,eurnxg
690,mfvbcxvnfhrspx,mfvbcxvnfhrspxhmkvhvhjbtdbdrb@gmail.com,4440711108,www.mfvbcxvnfhrspx.com,sfqjpv
691,tkafuayjhijarh,tkafuayjhijarhnjpyoqnxvtdxgqv@gmail.com,7355175210,www.tkafuayjhijarh.com,leepqnywcf
692,tipmnrx,tipmnrxdcehvlqi@gmail.com,2241382182,www.tipmnrx.com,hohcvtue
693,lvrkkkpktlwepf,lvrkkkpktlwepfvpppqaytmjjejft@gmail.com,54878115,www.lvrkkkpktlwepf.com,siahmkmyagefx
694,isceekfmx,isceekfmxvosuanmmyf@gmail.com,6278231315,www.isceekfmx.com,jnbgeiwcri
695,jqpprlkiihqi,jqpprlkiihqifohqbbqnuvqkt@gmail.com,2345183787,www.jqpprlkiihqi.com,yedyyuhrgm
696,lemugoooqapsd,lemugoooqapsdarbxldgksdfoec@gmail.com,7062414567,www.lemugoooqapsd.com,tvxullxacfr
697,skmeaifbhdekeg,skmeaifbhdekegcvnqgsthhmdamby@gmail.com,1120573006,www.skmeaifbhdekeg.com,iwqqxqo
698,crkatlc,crkatlcftkpqcva@gmail.com,5834507604,www.crkatlc.com,rqxasplduc
699,ciduecdxnvsdhn,ciduecdxnvsdhnafhvegdwfnaancn@gmail.com,6522512221,www.ciduecdxnvsdhn.com,hchldblmaqrkn
700,vhpedqf,vhpedqfreqoylyo@gmail.com,5232846678,www.vhpedqf.com,rtpsutacafujsj
701,aqokpexd,aqokpexdghhqvawci@gmail.com,5636131264,www.aqokpexd.com,grrlarpenxxwd
702,wvmnxpqateil,wvmnxpqateilftkxkkprahild@gmail.com,7504146713,www.wvmnxpqateil.com,hrikjxqwwfas
703,pyatqxlcowejqw,pyatqxlcowejqwnhbjcehsqdqbubh@gmail.com,5187006715,www.pyatqxlcowejqw.com,sfqjpv
704,bstkfpsbbpig,bstkfpsbbpigrjavhvxaromui@gmail.com,3685711510,www.bstkfpsbbpig.com,ipehuujorv
705,tbypsb,tbypsbpeenecm@gmail.com,5674360411,www.tbypsb.com,rilrdxbjvbtr
706,kdfsgrxjufsor,kdfsgrxjufsorfqolovfoqwfiyk@gmail.com,203218626,www.kdfsgrxjufsor.com,gatmjocbvdvjctj
707,oicdjq,oicdjqkpmxejs@gmail.com,4700510525,www.oicdjq.com,ujeccplcqhleiec
708,husahlk,husahlknulssjxf@gmail.com,8747667076,www.husahlk.com,vaoykhj
709,tspujelv,tspujelvdhmqvwlts@gmail.com,8883001366,www.tspujelv.com,wxqvbvphaoniw
710,ojusahxswg,ojusahxswggwwndnarnpi@gmail.com,2641170475,www.ojusahxswg.com,ipehuujorv
711,oxycmeuhbkvy,oxycmeuhbkvyjdwmhwoaahsow@gmail.com,2087768561,www.oxycmeuhbkvy.com,qxdhheldixrgbme
712,uobfxhfdivor,uobfxhfdivorpslqrbkkfxbni@gmail.com,2468206717,www.uobfxhfdivor.com,dxcxjhy
713,bluomuhhrwsbu,bluomuhhrwsbuhmdpawsruitgma@gmail.com,8481143167,www.bluomuhhrwsbu.com,dxcxjhy
714,fswktvvjqbi,fswktvvjqbilojiigkiahck@gmail.com,5263228037,www.fswktvvjqbi.com,tvxullxacfr
715,xobrikmqe,xobrikmqeluigdnfasq@gmail.com,4021362062,www.xobrikmqe.com,eurnxg
716,kojgoxea,kojgoxeayxqiemedh@gmail.com,614802486,www.kojgoxea.com,rytkekhi
717,whmhpwfxjflff,whmhpwfxjflffarvlkqaypvdjop@gmail.com,5887021156,www.whmhpwfxjflff.com,owifnbyh
718,ncumuvf,ncumuvfuxqwkqfv@gmail.com,1448807238,www.ncumuvf.com,qxdhheldixrgbme
719,jgqphjo,jgqphjodcuhvffd@gmail.com,5350246186,www.jgqphjo.com,hohcvtue
720,mviqqoa,mviqqoarfmxpieb@gmail.com,8222143218,www.mviqqoa.com,jnbgeiwcri
721,rodatf,rodatfrgqickf@gmail.com,5654825836,www.rodatf.com,shgktpo
722,wrcbsmplnudviq,wrcbsmplnudviquhnptqpxlofvmrt@gmail.com,843401166,www.wrcbsmplnudviq.com,xfdkhidkwl
723,egraqcucdah,egraqcucdahwfamirxlcxvw@gmail.com,4763046478,www.egraqcucdah.com,hchldblmaqrkn
724,fdewjvrapcq,fdewjvrapcqvelclpjpeqeo@gmail.com,8623787024,www.fdewjvrapcq.com,yuyncjpwl
725,hplpjhyuuul,hplpjhyuuulxndwujdhokyp@gmail.com,7426100207,www.hplpjhyuuul.com,fuxcvunfcwiqtu
726,jwqlypdaufemod,jwqlypdaufemodfkarrrphaoblsib@gmail.com,6813626354,www.jwqlypdaufemod.com,jnbgeiwcri
727,rdbmahvjfy,rdbmahvjfywjjvkkosegf@gmail.com,3874644087,www.rdbmahvjfy.com,hooifynydq
728,fmweajs,fmweajseiiyiioa@gmail.com,7367475216,www.fmweajs.com,vaoykhj
729,rppstanjgpnjp,rppstanjgpnjpvcbvgcygvhcecg@gmail.com,4606441101,www.rppstanjgpnjp.com,lsjggu
730,ppqnkwhvwei,ppqnkwhvweisqesxejcrrku@gmail.com,5606826671,www.ppqnkwhvwei.com,gatmjocbvdvjctj
731,vxlnnmiimvvkh,vxlnnmiimvvkhnphonubprkwxka@gmail.com,7716172622,www.vxlnnmiimvvkh.com,dihklngjnsdy
732,docjqjb,docjqjbbcnbtpqt@gmail.com,4131518064,www.docjqjb.com,lkrxkkrvty
733,jxnmeddfguf,jxnmeddfgufshoaksbrosjy@gmail.com,3573438455,www.jxnmeddfguf.com,dihklngjnsdy
734,lsgpflyyqqxsv,lsgpflyyqqxsvmaceyuaxvrmaxy@gmail.com,486114424,www.lsgpflyyqqxsv.com,pewmslnccfh
735,gbyudutxph,gbyudutxphhamisdslkig@gmail.com,6501844874,www.gbyudutxph.com,edpeie
736,qekijmmhqbf,qekijmmhqbfiyfctuwtxqtt@gmail.com,2448052614,www.qekijmmhqbf.com,hsdrxutksg
737,xabbat,xabbatnaeuece@gmail.com,1332304138,www.xabbat.com,pewmslnccfh
738,xqexkbwsitsc,xqexkbwsitsctubbmllpukuja@gmail.com,3560024482,www.xqexkbwsitsc.com,hrikjxqwwfas
739,bcvjabwuwfwla,bcvjabwuwfwlafgftyigpukyiwv@gmail.com,1476370088,www.bcvjabwuwfwla.com,xfdkhidkwl
740,iayilys,iayilysmuhwaaft@gmail.com,1006321601,www.iayilys.com,dxcxjhy
741,yicnftkvajc,yicnftkvajcxsqydmxcpodl@gmail.com,7185731545,www.yicnftkvajc.com,fxeguwlg
742,croxktagprlq,croxktagprlqpctaikcphqngg@gmail.com,4845770723,www.croxktagprlq.com,hsdrxutksg
743,imqeoukc,imqeoukcojthxexjh@gmail.com,7884147636,www.imqeoukc.com,cngsubhnklcy
744,mnlhqnicrqdl,mnlhqnicrqdljiiynpxwnrnoh@gmail.com,7235604338,www.mnlhqnicrqdl.com,cmubxkmug
745,wkyfgbwadsieh,wkyfgbwadsiehhcmtgrmbevaomb@gmail.com,344504368,www.wkyfgbwadsieh.com,nonirobpwlld
746,bbypwaawmu,bbypwaawmusglwxpojhus@gmail.com,6785323880,www.bbypwaawmu.com,viohdwniudbjcp
747,ecbpphhq,ecbpphhqnylkiflmt@gmail.com,5157811661,www.ecbpphhq.com,yedyyuhrgm
748,idqbuy,idqbuyabgjbhn@gmail.com,766762115,www.idqbuy.com,ytlmfklsslgt
749,hurgnxpgspc,hurgnxpgspcpyiduprglmpt@gmail.com,5480730738,www.hurgnxpgspc.com,leepqnywcf
750,jqfeaermhvlsme,jqfeaermhvlsmekpaaopexuivvcbh@gmail.com,6277537510,www.jqfeaermhvlsme.com,nonirobpwlld
751,mcsuvibik,mcsuvibikncgmbacadh@gmail.com,7826608508,www.mcsuvibik.com,ckkygmcw
752,ocppmbnqjsl,ocppmbnqjslckvmmnuhvuuy@gmail.com,8785056242,www.ocppmbnqjsl.com,mfqkmuferjxmcml
753,imxssgeosmy,imxssgeosmytpbbsrvurgkg@gmail.com,4186203710,www.imxssgeosmy.com,jnbgeiwcri
754,ohpnmy,ohpnmypbogrem@gmail.com,3033635888,www.ohpnmy.com,rytkekhi
755,vfjbqdwwinrkkl,vfjbqdwwinrkklyaqolfolvvtcknx@gmail.com,5134713872,www.vfjbqdwwinrkkl.com,cykxynam
756,kkcfuthkbkpno,kkcfuthkbkpnogqvasncvxbeswf@gmail.com,5887412253,www.kkcfuthkbkpno.com,siahmkmyagefx
757,ksfockbbrqix,ksfockbbrqixnqaygalcebvql@gmail.com,8031706336,www.ksfockbbrqix.com,lfcwrgwa
758,iodrteuqvkb,iodrteuqvkbjdjtynjvhkef@gmail.com,802041844,www.iodrteuqvkb.com,eurnxg
759,loxuutvr,loxuutvrpwjianlec@gmail.com,3634076643,www.loxuutvr.com,sgiveqadxnwngl
760,lmgtocurtsium,lmgtocurtsiumrqndvblpejnekp@gmail.com,2634782470,www.lmgtocurtsium.com,wchsucpnsmiep
761,lextmd,lextmdunycrjp@gmail.com,2732777636,www.lextmd.com,clkwyejyflmngxc
762,dreiqihsiai,dreiqihsiaipmleecdhbbeh@gmail.com,187625115,www.dreiqihsiai.com,pewmslnccfh
763,mlpkhhnhyvwpy,mlpkhhnhyvwpyfnijrcjwwpsetc@gmail.com,7727865113,www.mlpkhhnhyvwpy.com,eurnxg
764,xkceny,xkcenyrkqbqkf@gmail.com,4408687531,www.xkceny.com,nkupth
765,ujpaauuhuhdkgt,ujpaauuhuhdkgtfxyhmxhqwiljuoh@gmail.com,3042056687,www.ujpaauuhuhdkgt.com,gatmjocbvdvjctj
766,jdvxaastunijo,jdvxaastunijoxsjyisrorgyiek@gmail.com,5271073046,www.jdvxaastunijo.com,prqntp
767,qdouqfdn,qdouqfdnhxpigirqg@gmail.com,2071211624,www.qdouqfdn.com,leepqnywcf
768,ptvkdlbbfw,ptvkdlbbfwqswfpyhhfsl@gmail.com,4080571480,www.ptvkdlbbfw.com,edpeie
769,ypsiyfyxvqkvxw,ypsiyfyxvqkvxwiysnabupklucdmg@gmail.com,2837262533,www.ypsiyfyxvqkvxw.com,leepqnywcf
770,ftowenib,ftowenibtbixjjtgg@gmail.com,3026302130,www.ftowenib.com,nviguadmutwpm
771,llnsvbwtheemev,llnsvbwtheemevqaouqtrcmkflqtf@gmail.com,6672112238,www.llnsvbwtheemev.com,fuxcvunfcwiqtu
772,cikhvdfxny,cikhvdfxnyjhgrjmdcyxw@gmail.com,2513675726,www.cikhvdfxny.com,bhuvlipbh
773,tyfxetihph,tyfxetihphyjekamhmflc@gmail.com,4281388283,www.tyfxetihph.com,otxqfsntrfjs
774,nevwdjivtb,nevwdjivtbjrotmohlfdi@gmail.com,2811026546,www.nevwdjivtb.com,viohdwniudbjcp
775,yqqgqgp,yqqgqgpweqfwued@gmail.com,5775303585,www.yqqgqgp.com,qxdhheldixrgbme
776,vmausxbgnfbg,vmausxbgnfbgpqjjndplwjmwm@gmail.com,2155573332,www.vmausxbgnfbg.com,otxqfsntrfjs
777,iafbfgvcqcpeai,iafbfgvcqcpeaiejtklkraancoviv@gmail.com,3510650615,www.iafbfgvcqcpeai.com,mfvenpvqpdyc
778,xikjpxkxe,xikjpxkxedjrwxykxoo@gmail.com,7304546887,www.xikjpxkxe.com,wxqvbvphaoniw
779,jkkrpgu,jkkrpgunaqofsuf@gmail.com,2061821347,www.jkkrpgu.com,bhuvlipbh
780,wwqkxmevjpk,wwqkxmevjpkrmsphganfyja@gmail.com,1168608884,www.wwqkxmevjpk.com,sgiveqadxnwngl
781,bfnptbubcn,bfnptbubcnypkuejdaobt@gmail.com,4182661285,www.bfnptbubcn.com,vaoykhj
782,atordxecdjt,atordxecdjtduicrschvjrr@gmail.com,8728304815,www.atordxecdjt.com,yfjmnbjaskwyhlq
783,wolrqtjbbpklwo,wolrqtjbbpklwojraluebcvlxdtkc@gmail.com,3842072006,www.wolrqtjbbpklwo.com,rqxasplduc
784,hqhygjenn,hqhygjennyouamfoglo@gmail.com,6213224668,www.hqhygjenn.com,cmrgxylnapeq
785,hvmwweupqhia,hvmwweupqhiahibtouulecdhv@gmail.com,5511653884,www.hvmwweupqhia.com,rudhadwsciv
786,gmssvetmvaxx,gmssvetmvaxxewrvroyjnqxgl@gmail.com,646727584,www.gmssvetmvaxx.com,slbqfpebe
787,thseqcjwmrlr,thseqcjwmrlrtrcijrqdnsddl@gmail.com,3171508623,www.thseqcjwmrlr.com,cccqsu
788,svseocttvd,svseocttvdwajshetwwma@gmail.com,5443568043,www.svseocttvd.com,ygmkbuqqdwb
789,cgdrvjqwqoy,cgdrvjqwqoyrkkvagqsarpm@gmail.com,7184816036,www.cgdrvjqwqoy.com,gatmjocbvdvjctj
790,fgktomu,fgktomuhxmupghm@gmail.com,1566857254,www.fgktomu.com,pkcdhnsjpdi
791,pmywjanhs,pmywjanhshtiwwdqouy@gmail.com,1510812402,www.pmywjanhs.com,eurnxg
792,egmujpymhbu,egmujpymhbuunpdootxlpgu@gmail.com,7443323580,www.egmujpymhbu.com,hrikjxqwwfas
793,ugpddyqfovsigy,ugpddyqfovsigysbgiyohgiauqmbw@gmail.com,6256584300,www.ugpddyqfovsigy.com,keffgqrsncnadj
794,tvcuymtvnnkau,tvcuymtvnnkauetocfexmsqyonb@gmail.com,6325866786,www.tvcuymtvnnkau.com,mjtjrwhaj
795,jbbdelsovmfp,jbbdelsovmfplyiouxloxinch@gmail.com,5307336788,www.jbbdelsovmfp.com,ipnxevlq
796,rthhopitburkdq,rthhopitburkdqiwhxytfcujxcmaw@gmail.com,5068603131,www.rthhopitburkdq.com,eurnxg
797,uqwifpqkinscm,uqwifpqkinscmiefoiohmylkbyb@gmail.com,4447583637,www.uqwifpqkinscm.com,jbpspnknksicgtb
798,rmdppyeiop,rmdppyeiopxfgufjfeolg@gmail.com,7670016136,www.rmdppyeiop.com,ujeccplcqhleiec
799,syvhtdbq,syvhtdbqbvfbrdgum@gmail.com,7184006301,www.syvhtdbq.com,jnbgeiwcri
800,qxvkxdjnyqsgu,qxvkxdjnyqsgujtjigttnfqwrea@gmail.com,5123630718,www.qxvkxdjnyqsgu.com,nonirobpwlld
801,wcuqirvbhoj,wcuqirvbhojorrieveqopmp@gmail.com,7873740746,www.wcuqirvbhoj.com,yxhmgfhbyofmti
802,wkemko,wkemkonwtrxbx@gmail.com,2610855011,www.wkemko.com,yhbssoouf
803,iphjajpdy,iphjajpdyklndklmahh@gmail.com,4352273801,www.iphjajpdy.com,cmubxkmug
804,jltdytbfk,jltdytbfkuawxjeocaj@gmail.com,4414216534,www.jltdytbfk.com,siahmkmyagefx
805,qukwjmifomy,qukwjmifomyjbtsmrwxpjcm@gmail.com,4861538271,www.qukwjmifomy.com,clkwyejyflmngxc
806,usorntn,usorntnycmccqao@gmail.com,3747821005,www.usorntn.com,nviguadmutwpm
807,myrxyttkouxs,myrxyttkouxslqsdrxxotaskm@gmail.com,405717623,www.myrxyttkouxs.com,nkupth
808,cbqxkjvsqux,cbqxkjvsquxbbpokkfytvmy@gmail.com,773002574,www.cbqxkjvsqux.com,sgiveqadxnwngl
809,pbtxdroiicsndu,pbtxdroiicsnduhofmbkmdnyuwtra@gmail.com,4725564727,www.pbtxdroiicsndu.com,wchsucpnsmiep
810,gnvgderakcuaow,gnvgderakcuaowmdtufiyxtxkkdve@gmail.com,7813274184,www.gnvgderakcuaow.com,pejogqooevt
811,joqteavnkcs,joqteavnkcsmsdksqpkreuj@gmail.com,2522516615,www.joqteavnkcs.com,slbqfpebe
812,lchqitsixxo,lchqitsixxoenddesuhhtlg@gmail.com,4622557035,www.lchqitsixxo.com,ykaqopmko
813,qqfxlj,qqfxljrmvfyhl@gmail.com,3174325215,www.qqfxlj.com,revvwq
814,icaylkuwoe,icaylkuwoehflulrejjsu@gmail.com,8220028404,www.icaylkuwoe.com,cljlufkgab
815,josvpyhw,josvpyhwvramtxavs@gmail.com,467148843,www.josvpyhw.com,eurnxg
816,fomlofslbxbtes,fomlofslbxbtesribawtiahbahaij@gmail.com,6852806123,www.fomlofslbxbtes.com,owifnbyh
817,kvuvql,kvuvqleutseiy@gmail.com,2521556275,www.kvuvql.com,lsjggu
818,yeagffhlsgh,yeagffhlsghjaycladyqoxs@gmail.com,8665084024,www.yeagffhlsgh.com,yfjmnbjaskwyhlq
819,dfvowajbwpk,dfvowajbwpkpsxpixucaevj@gmail.com,6770210318,www.dfvowajbwpk.com,qxdhheldixrgbme
820,hyrbjck,hyrbjckxkpblsea@gmail.com,6562262430,www.hyrbjck.com,revvwq
821,qnfqrvlirjp,qnfqrvlirjpbfckgtpmjkdb@gmail.com,3888636211,www.qnfqrvlirjp.com,prqntp
822,vhrocn,vhrocngqjggxw@gmail.com,8038834001,www.vhrocn.com,yfjmnbjaskwyhlq
823,qkftgu,qkftgufkvyxfu@gmail.com,6025682422,www.qkftgu.com,yedyyuhrgm
824,cjuyekamqv,cjuyekamqvkcxmleekrve@gmail.com,1766121472,www.cjuyekamqv.com,fxeguwlg
825,scusjya,scusjyacppkxhkd@gmail.com,2016108876,www.scusjya.com,lkrxkkrvty
826,eyoadjsenbaovl,eyoadjsenbaovlotftqawdxhcwtba@gmail.com,8601546276,www.eyoadjsenbaovl.com,qxdhheldixrgbme
827,icdagppaqjhts,icdagppaqjhtsodsrvwulkqjcbt@gmail.com,5420800414,www.icdagppaqjhts.com,sgiveqadxnwngl
828,ywpmplkvwh,ywpmplkvwhcrngjquqdte@gmail.com,8084587500,www.ywpmplkvwh.com,oqrlpajqmf
829,ashcaocl,ashcaoclqkqsjkmif@gmail.com,5210818127,www.ashcaocl.com,xomfxxmn
830,ulumybb,ulumybbuxssyhdi@gmail.com,2453203852,www.ulumybb.com,evvptlntf
831,flgwasdmhkibc,flgwasdmhkibcskaysrhfgrdpvv@gmail.com,1440502783,www.flgwasdmhkibc.com,xomfxxmn
832,gsvudtcchdkrj,gsvudtcchdkrjhpvwaotgnwhjoi@gmail.com,3825577457,www.gsvudtcchdkrj.com,bgukvgux
833,bioexfaxytvdbx,bioexfaxytvdbxyplgwuhwcgpalio@gmail.com,3410085667,www.bioexfaxytvdbx.com,eurnxg
834,fnvtdcvwileua,fnvtdcvwileuaevrjfeufwdxuof@gmail.com,7557452110,www.fnvtdcvwileua.com,dandrsghw
835,ydlyauelunc,ydlyaueluncovxmyyndfmca@gmail.com,7287256527,www.ydlyauelunc.com,sgiveqadxnwngl
836,pcwckgns,pcwckgnskqyxxembi@gmail.com,4102623064,www.pcwckgns.com,otxqfsntrfjs
837,kinnjdfejx,kinnjdfejxvjafxggsqfk@gmail.com,5626732080,www.kinnjdfejx.com,ykaqopmko
838,qucges,qucgesvjftugc@gmail.com,3604351223,www.qucges.com,slbqfpebe
839,sqyaqluqku,sqyaqluqkupebujomydui@gmail.com,321176717,www.sqyaqluqku.com,xomfxxmn
840,nmopucanmmow,nmopucanmmowhaxogyamfwhyn@gmail.com,540681855,www.nmopucanmmow.com,sfqjpv
841,faltumgquctwe,faltumgquctwedyceogeibaaisa@gmail.com,1851721204,www.faltumgquctwe.com,nviguadmutwpm
842,uhintqyagiupa,uhintqyagiupavmdlirgkfklsyr@gmail.com,5371557886,www.uhintqyagiupa.com,ykaqopmko
843,lnomnflrt,lnomnflrtidqrsuquji@gmail.com,5681376338,www.lnomnflrt.com,pejogqooevt
844,fwsevcvuo,fwsevcvuoqxpghuohcb@gmail.com,6685507673,www.fwsevcvuo.com,cngsubhnklcy
845,hwjasfsjassdv,hwjasfsjassdvctgmvjyeealacs@gmail.com,7652874514,www.hwjasfsjassdv.com,sfqjpv
846,rytqvciiepbb,rytqvciiepbbxebdgsewoybye@gmail.com,6552163283,www.rytqvciiepbb.com,hooifynydq
847,wtoswpavchbi,wtoswpavchbiucqqqlyotvuoq@gmail.com,8768111768,www.wtoswpavchbi.com,prqntp
848,ohwowdobsq,ohwowdobsqhycuewhbuof@gmail.com,2221141318,www.ohwowdobsq.com,ekboimjymq
849,stpghuxqca,stpghuxqcaxnxqwpykjjl@gmail.com,6233475715,www.stpghuxqca.com,hsdrxutksg
850,hixmfer,hixmferjxpinkln@gmail.com,8010065458,www.hixmfer.com,ujeccplcqhleiec
851,shyvsbpmeid,shyvsbpmeidwxukwtvdbsbr@gmail.com,8528876510,www.shyvsbpmeid.com,cmrgxylnapeq
852,khkhrdvuuhyw,khkhrdvuuhywvchyktujdvfpn@gmail.com,5826552728,www.khkhrdvuuhyw.com,lfcwrgwa
853,piuxouiitmyxmt,piuxouiitmyxmtyuxfaogqkjwancw@gmail.com,8565161011,www.piuxouiitmyxmt.com,slbqfpebe
854,bdnhxc,bdnhxcoqafyld@gmail.com,7418350840,www.bdnhxc.com,ekboimjymq
855,wfvlbobonuyoey,wfvlbobonuyoeyjvggafnsgbmviyb@gmail.com,827223862,www.wfvlbobonuyoey.com,ridresxmplpod
856,jlnplvctvhgd,jlnplvctvhgdrsdgbmvgqpyvw@gmail.com,1536244266,www.jlnplvctvhgd.com,pejogqooevt
857,meirot,meirotxfdaeur@gmail.com,6527703221,www.meirot.com,mjtjrwhaj
858,lrrtltiuty,lrrtltiutybxcdlfwmsrk@gmail.com,524782443,www.lrrtltiuty.com,fuxcvunfcwiqtu
859,hensrycitpcfjt,hensrycitpcfjtgupyjewvmyjsdxh@gmail.com,8418581653,www.hensrycitpcfjt.com,nubsveh
860,qsfniikreqjcgb,qsfniikreqjcgbrtlxasceftxgfdu@gmail.com,6508855448,www.qsfniikreqjcgb.com,dandrsghw
861,lfaoxlexug,lfaoxlexugvifnuweikmo@gmail.com,8208807224,www.lfaoxlexug.com,honjkqgwo
862,pybeqa,pybeqadxhclns@gmail.com,6813443031,www.pybeqa.com,vrrcgoxaix
863,hxltbvkaoqpaxg,hxltbvkaoqpaxggyanrcqmaabutau@gmail.com,3453227203,www.hxltbvkaoqpaxg.com,rqxasplduc
864,kxevhfqxmiilo,kxevhfqxmiilogbjrqkklhyajdx@gmail.com,2440700836,www.kxevhfqxmiilo.com,cljlufkgab
865,jycwdnrcqtpog,jycwdnrcqtpogqygysyspgbnmdp@gmail.com,4230008702,www.jycwdnrcqtpog.com,pewmslnccfh
866,kpnruiii,kpnruiiieibfsyrgr@gmail.com,5807350584,www.kpnruiii.com,hohcvtue
867,esqesm,esqesmhmmdyhk@gmail.com,5380033273,www.esqesm.com,gyotdcwykay
868,anhuowfyiyrvpk,anhuowfyiyrvpkoqmveuqtxlahikl@gmail.com,6436604446,www.anhuowfyiyrvpk.com,nviguadmutwpm
869,ehogexeowfjk,ehogexeowfjksagklikaqdmmm@gmail.com,3026646303,www.ehogexeowfjk.com,cykxynam
870,wuhescgr,wuhescgrrtpoujukl@gmail.com,8276830731,www.wuhescgr.com,pkcdhnsjpdi
871,yuhsmpxxmvrout,yuhsmpxxmvroutljmlqijypveqfjj@gmail.com,6812657411,www.yuhsmpxxmvrout.com,ujeccplcqhleiec
872,yieonagjtwfyu,yieonagjtwfyuvdcoixyftiooxn@gmail.com,1824414356,www.yieonagjtwfyu.com,ridresxmplpod
873,blbkvsd,blbkvsdrhwphewk@gmail.com,4181834388,www.blbkvsd.com,otxqfsntrfjs
874,ncvadxlioyatlj,ncvadxlioyatljbarhrcxsyegrlbg@gmail.com,2146505821,www.ncvadxlioyatlj.com,dandrsghw
875,eljhynxwiox,eljhynxwioxjoixalncrjqd@gmail.com,4310543155,www.eljhynxwiox.com,cykxynam
876,srpubbki,srpubbkionrgcfwie@gmail.com,7077818227,www.srpubbki.com,hdqekgebug
877,lphwoiol,lphwoiolecehsefcs@gmail.com,8381561858,www.lphwoiol.com,ipnxevlq
878,rhihlgj,rhihlgjswwsnmqm@gmail.com,8031570840,www.rhihlgj.com,hohcvtue
879,ybwrrxvqunxrdu,ybwrrxvqunxrduucbgcotyoxpswoq@gmail.com,8712401071,www.ybwrrxvqunxrdu.com,dihklngjnsdy
880,cuxvysfkmdfq,cuxvysfkmdfqbwmiapunhvklf@gmail.com,5727383804,www.cuxvysfkmdfq.com,prqntp
881,koipgcosa,koipgcosaarcjokewsj@gmail.com,1826165063,www.koipgcosa.com,yfjmnbjaskwyhlq
882,lmixuiej,lmixuiejaglwsxwsq@gmail.com,2512576714,www.lmixuiej.com,efuxcqscagkbr
883,niuqavk,niuqavknqabfvgv@gmail.com,7022450263,www.niuqavk.com,oqrlpajqmf
884,cgoeuddr,cgoeuddrwkexbxmoo@gmail.com,2730440135,www.cgoeuddr.com,ridresxmplpod
885,kgfddcxddo,kgfddcxddosurctsyrvhx@gmail.com,6264427807,www.kgfddcxddo.com,pewmslnccfh
886,hbmvsmodbxvrxs,hbmvsmodbxvrxsdcytylowvlprmcv@gmail.com,7208271530,www.hbmvsmodbxvrxs.com,nkupth
887,ftrixmfkta,ftrixmfktalqpumdwcppn@gmail.com,4408502061,www.ftrixmfkta.com,yfjmnbjaskwyhlq
888,kplkobnjne,kplkobnjnelgsrtiwwyec@gmail.com,2725862510,www.kplkobnjne.com,cccqsu
889,rhqsjcjffvt,rhqsjcjffvtjlaxujcxyhvi@gmail.com,7063265633,www.rhqsjcjffvt.com,vrrcgoxaix
890,ytittmwgorv,ytittmwgorvxswrwdrlohbr@gmail.com,1825454065,www.ytittmwgorv.com,jnbgeiwcri
891,kkjsdqhr,kkjsdqhrpcrqmdgsy@gmail.com,6540238854,www.kkjsdqhr.com,yfjmnbjaskwyhlq
892,chilrduqirt,chilrduqirtvqfnueqbnxve@gmail.com,7300883226,www.chilrduqirt.com,hooifynydq
893,omufnudflw,omufnudflwkapwxhmljat@gmail.com,6183838413,www.omufnudflw.com,yhbssoouf
894,gwjcbshxxjoddg,gwjcbshxxjoddgcohyyifxgdhacna@gmail.com,555702387,www.gwjcbshxxjoddg.com,qxdhheldixrgbme
895,ynpideqnky,ynpideqnkyodlbefstahy@gmail.com,8621622484,www.ynpideqnky.com,okajwd
896,hpkphidryxpyut,hpkphidryxpyutwnybqlgnwmhejyw@gmail.com,3726806221,www.hpkphidryxpyut.com,ckkygmcw
897,wngylrlcsovt,wngylrlcsovtmgjrxcpngefgn@gmail.com,8413245128,www.wngylrlcsovt.com,ipehuujorv
898,ihsqwslgej,ihsqwslgejgouhodiugaj@gmail.com,7841340873,www.ihsqwslgej.com,dkygfaseoaoj
899,pxanxb,pxanxbgyrxtxn@gmail.com,2513874706,www.pxanxb.com,evvptlntf
900,daahtbynmnnb,daahtbynmnnbuytvylujpgttk@gmail.com,2745265636,www.daahtbynmnnb.com,wchsucpnsmiep
901,iblpbhcuxlmh,iblpbhcuxlmhshqgibhpsegqf@gmail.com,3165137114,www.iblpbhcuxlmh.com,owifnbyh
902,chcdnuq,chcdnuqgymexdbf@gmail.com,4025117864,www.chcdnuq.com,bgukvgux
903,mornxvm,mornxvmputvsrgb@gmail.com,3021845581,www.mornxvm.com,sgiveqadxnwngl
904,womiesn,womiesnopjeixig@gmail.com,1524350080,www.womiesn.com,efuxcqscagkbr
905,uqssmbbagxi,uqssmbbagxibdtomdljobfv@gmail.com,8005558715,www.uqssmbbagxi.com,ykaqopmko
906,fuyxxx,fuyxxxksmdens@gmail.com,6645372582,www.fuyxxx.com,clkwyejyflmngxc
907,uitudgvl,uitudgvlnhhsrukje@gmail.com,1884332134,www.uitudgvl.com,kkmxug
908,dyisnbbbosc,dyisnbbboscsxdkbthfpyii@gmail.com,450687810,www.dyisnbbbosc.com,bhuvlipbh
909,kqwcivsof,kqwcivsofrgrsflwgxs@gmail.com,5828163181,www.kqwcivsof.com,ipixilhdxnuduj
910,nfqiesdffi,nfqiesdfficdletvassak@gmail.com,8234281534,www.nfqiesdffi.com,lsjggu
911,odcldavbnlqmb,odcldavbnlqmbjmtphxcgvmhxlq@gmail.com,1502406566,www.odcldavbnlqmb.com,grrlarpenxxwd
912,qudjjbaxsgghqa,qudjjbaxsgghqakothehpklgprlbq@gmail.com,3003503518,www.qudjjbaxsgghqa.com,gatmjocbvdvjctj
913,nniekfsw,nniekfswjdycligvg@gmail.com,5388578856,www.nniekfsw.com,dkygfaseoaoj
914,ajvgfk,ajvgfkdobjelp@gmail.com,1707172553,www.ajvgfk.com,ygmkbuqqdwb
915,rmlpiwhbnacq,rmlpiwhbnacqwhrsviqqlivec@gmail.com,8722274823,www.rmlpiwhbnacq.com,mihnvfufrq
916,isxhyvwgrlall,isxhyvwgrlallrdhyullugmdvjg@gmail.com,3220333572,www.isxhyvwgrlall.com,lkrxkkrvty
917,pvpsmdt,pvpsmdtuvvkxgea@gmail.com,6445508667,www.pvpsmdt.com,cngsubhnklcy
918,jduryfgdjwd,jduryfgdjwdsahbgqfsydeq@gmail.com,834276084,www.jduryfgdjwd.com,yedyyuhrgm
919,fxogelt,fxogeltfqwfnqvc@gmail.com,162212233,www.fxogelt.com,bhuvlipbh
920,sdervmijy,sdervmijyophylwlgsg@gmail.com,1328633018,www.sdervmijy.com,iwqqxqo
921,jytiiehscm,jytiiehscmnqehuhyjoat@gmail.com,5735136182,www.jytiiehscm.com,yuyncjpwl
922,raedhmsloobryl,raedhmsloobryljdxshuyhuiqrgxi@gmail.com,2473078102,www.raedhmsloobryl.com,ekboimjymq
923,nmueqjcr,nmueqjcrbbkuwitxl@gmail.com,5028151080,www.nmueqjcr.com,ujeccplcqhleiec
924,uwthut,uwthutvuapanu@gmail.com,7888665830,www.uwthut.com,ekboimjymq
925,sccdswda,sccdswdaseefjvjfx@gmail.com,4500621427,www.sccdswda.com,rytkekhi
926,pgfgpvukid,pgfgpvukidpuiaopjfxbg@gmail.com,5466123467,www.pgfgpvukid.com,hohcvtue
927,kvvaxgla,kvvaxglabpjffccxa@gmail.com,3275155328,www.kvvaxgla.com,hsdrxutksg
928,ixkjclqsfsfy,ixkjclqsfsfyndmhhcjvqtkgt@gmail.com,8405158110,www.ixkjclqsfsfy.com,yfjmnbjaskwyhlq
929,gatyhotct,gatyhotctyoctykwpwd@gmail.com,5256616052,www.gatyhotct.com,rqxasplduc
930,koetvbol,koetvbolbodwdphuv@gmail.com,612077344,www.koetvbol.com,ykaqopmko
931,vavijmmochf,vavijmmochfjjubpyqmpujj@gmail.com,755202631,www.vavijmmochf.com,ipehuujorv
932,vtpniwfp,vtpniwfpnqfaagjnf@gmail.com,1875585137,www.vtpniwfp.com,mfvenpvqpdyc
933,dfoaxohqdsvey,dfoaxohqdsveygsjvawjmubcmuc@gmail.com,3856374371,www.dfoaxohqdsvey.com,rkwxrcaglsbk
934,xjjkyqyxpuw,xjjkyqyxpuwlfrvfqfvwtka@gmail.com,6386130307,www.xjjkyqyxpuw.com,rkwxrcaglsbk
935,csshmeiwnqsu,csshmeiwnqsucgmafxcjvrjbb@gmail.com,3461310868,www.csshmeiwnqsu.com,rtpsutacafujsj
936,aummsfnbnot,aummsfnbnotdtwwdrtohcfg@gmail.com,612852455,www.aummsfnbnot.com,rilrdxbjvbtr
937,xjjide,xjjideaobiajc@gmail.com,2445777375,www.xjjide.com,ekboimjymq
938,pphbnnlo,pphbnnloclkrdohhn@gmail.com,6420154622,www.pphbnnlo.com,prqntp
939,vpokppkwjra,vpokppkwjranxxalockrhbg@gmail.com,1757761116,www.vpokppkwjra.com,prqntp
940,cueamaaepkuj,cueamaaepkujjhqgsmrjnjbjc@gmail.com,6047155713,www.cueamaaepkuj.com,dkygfaseoaoj
941,ohmhoehguklh,ohmhoehguklhvqksprhuxgkie@gmail.com,7465840148,www.ohmhoehguklh.com,qxdhheldixrgbme
942,ayhxejiq,ayhxejiqettijiufu@gmail.com,6464088327,www.ayhxejiq.com,mfqkmuferjxmcml
943,klgtxdobap,klgtxdobaptmoxergwgdt@gmail.com,7383202086,www.klgtxdobap.com,ytlmfklsslgt
944,soqgtakffgykp,soqgtakffgykpxhucitufuflliq@gmail.com,1066636757,www.soqgtakffgykp.com,gyotdcwykay
945,icmjbppiu,icmjbppiutmdbnodvfh@gmail.com,513734816,www.icmjbppiu.com,cmubxkmug
946,luehqlwb,luehqlwbbkmwyosln@gmail.com,5246083166,www.luehqlwb.com,ipixilhdxnuduj
947,hcidkrrrda,hcidkrrrdavsskkmwkpkc@gmail.com,7528857535,www.hcidkrrrda.com,qxdhheldixrgbme
948,cqfimloqjivpt,cqfimloqjivptkmhdmhxhyhsmol@gmail.com,7305033168,www.cqfimloqjivpt.com,dkygfaseoaoj
949,mmvlutyqbljle,mmvlutyqbljleqemeiucnxvixop@gmail.com,6563103481,www.mmvlutyqbljle.com,yedyyuhrgm
950,oewquj,oewqujeasacwe@gmail.com,5845052464,www.oewquj.com,bgukvgux
951,unnujpgje,unnujpgjejjytlnxefp@gmail.com,1135324736,www.unnujpgje.com,nshlkdjjmm
952,hhqcaqhocdp,hhqcaqhocdpnenenjjedgvw@gmail.com,262188163,www.hhqcaqhocdp.com,lfcwrgwa
953,ugylmbei,ugylmbeiedpvgdfuk@gmail.com,5660181331,www.ugylmbei.com,dhnpechllky
954,lncwofvjqbu,lncwofvjqbunjkycvhbydxy@gmail.com,6575143420,www.lncwofvjqbu.com,rudhadwsciv
955,pmucbewvfqb,pmucbewvfqblcuossxgavjf@gmail.com,6860350455,www.pmucbewvfqb.com,mjtjrwhaj
956,lqalrbsufyec,lqalrbsufyecshceernyyfbep@gmail.com,6046882452,www.lqalrbsufyec.com,fnvjlabc
957,ufobcmxmfl,ufobcmxmflaqgahigoefa@gmail.com,6458863221,www.ufobcmxmfl.com,ipnxevlq
958,byqeigowjl,byqeigowjlqwnoigfrxey@gmail.com,6588460505,www.byqeigowjl.com,hooifynydq
959,idnmxolwfvwo,idnmxolwfvwoljxwkrhskkypn@gmail.com,6723000154,www.idnmxolwfvwo.com,yhbssoouf
960,gvsxel,gvsxelsyyjuud@gmail.com,4666677341,www.gvsxel.com,cccqsu
961,ckqvykuy,ckqvykuyiemoykayw@gmail.com,1687863511,www.ckqvykuy.com,bgukvgux
962,swkepwvmbwhgm,swkepwvmbwhgmigmkcnjansyiyr@gmail.com,7646583844,www.swkepwvmbwhgm.com,sgiveqadxnwngl
963,hksbvkididlv,hksbvkididlvrdhvaitydsrxo@gmail.com,5842784672,www.hksbvkididlv.com,cccqsu
964,ynoeycontk,ynoeycontkynwbaqjxhyk@gmail.com,6278626253,www.ynoeycontk.com,cccqsu
965,qfhsidjug,qfhsidjugbohloywqif@gmail.com,2257547246,www.qfhsidjug.com,ipnxevlq
966,pgdxnqm,pgdxnqmsagpsanf@gmail.com,1346852884,www.pgdxnqm.com,ytlmfklsslgt
967,xwgpspmk,xwgpspmkywndqveig@gmail.com,7417866701,www.xwgpspmk.com,ridresxmplpod
968,uspnbumwl,uspnbumwlhreasflanq@gmail.com,7078288214,www.uspnbumwl.com,leepqnywcf
969,fwsuwpi,fwsuwpivfwhgbjw@gmail.com,784786224,www.fwsuwpi.com,evvptlntf
970,cfeltsonm,cfeltsonmnyoowgkwpm@gmail.com,84815544,www.cfeltsonm.com,sfqjpv
971,ujsivyqhosc,ujsivyqhoschmwnioswctay@gmail.com,6337123341,www.ujsivyqhosc.com,honjkqgwo
972,lvhvkukkpw,lvhvkukkpwklvprckkgye@gmail.com,8862101833,www.lvhvkukkpw.com,ipehuujorv
973,apfrcdmqgtbtl,apfrcdmqgtbtliqqnjtnrxdogew@gmail.com,4264034772,www.apfrcdmqgtbtl.com,dkygfaseoaoj
974,gcajjri,gcajjriuyqgesem@gmail.com,5560475133,www.gcajjri.com,pewmslnccfh
975,erybnrgqi,erybnrgqiadqgleypld@gmail.com,4534006281,www.erybnrgqi.com,rudhadwsciv
976,iahoqapouqqvgd,iahoqapouqqvgdjraujishsrwwdbh@gmail.com,454042427,www.iahoqapouqqvgd.com,slbqfpebe
977,leldiyostp,leldiyostpgqcusxeblok@gmail.com,4181637072,www.leldiyostp.com,pejogqooevt
978,jhmuamaawfsue,jhmuamaawfsuejeyxljheuxpncy@gmail.com,1108774031,www.jhmuamaawfsue.com,sffxawqear
979,ejlxwpvdy,ejlxwpvdyqkhknhoami@gmail.com,2320663577,www.ejlxwpvdy.com,otxqfsntrfjs
980,xrermyuv,xrermyuvdabynxtrw@gmail.com,8284501834,www.xrermyuv.com,slbqfpebe
981,wnnerub,wnnerubtoxmypkn@gmail.com,204301045,www.wnnerub.com,tvxullxacfr
982,fvdenttbln,fvdenttblngwrjiqnsovc@gmail.com,2588575107,www.fvdenttbln.com,rytkekhi
983,lsulytgbyufee,lsulytgbyufeexntubreitpbvlk@gmail.com,1173885172,www.lsulytgbyufee.com,ygmkbuqqdwb
984,ffsarqkkhgi,ffsarqkkhgicnjjsthfgbhp@gmail.com,8683787628,www.ffsarqkkhgi.com,edpeie
985,gnbwqmtqou,gnbwqmtqoudpkrlkcwojx@gmail.com,3486865422,www.gnbwqmtqou.com,shgktpo
986,xhxeoivujwxy,xhxeoivujwxypjpccikqqfdbp@gmail.com,5407031414,www.xhxeoivujwxy.com,ipnxevlq
987,epiyhfqoiy,epiyhfqoiydswatgjmivv@gmail.com,8720541741,www.epiyhfqoiy.com,rudhadwsciv
988,usojdgj,usojdgjnnfochod@gmail.com,2438450477,www.usojdgj.com,sfqjpv
989,tftlkeahvaqy,tftlkeahvaqykdoffobddkueu@gmail.com,2560357641,www.tftlkeahvaqy.com,keffgqrsncnadj
990,iytwqpjwgrget,iytwqpjwgrgetiytiyxiawdfban@gmail.com,7460362685,www.iytwqpjwgrget.com,hchldblmaqrkn
991,cftcxkihynnqk,cftcxkihynnqkymjtyeyjlepogh@gmail.com,6451018370,www.cftcxkihynnqk.com,bgukvgux
992,cvwapnlhlsql,cvwapnlhlsqlspatrqurgbdcr@gmail.com,3111767457,www.cvwapnlhlsql.com,rilrdxbjvbtr
993,xokkose,xokkoseinirirhu@gmail.com,1051550280,www.xokkose.com,jnbgeiwcri
994,jmhbdefyeuvbo,jmhbdefyeuvbogcjmmrmxcjkirt@gmail.com,5777276744,www.jmhbdefyeuvbo.com,fuxcvunfcwiqtu
995,qtxjnntvmia,qtxjnntvmianjtbfhbupgxc@gmail.com,7021552548,www.qtxjnntvmia.com,rqxasplduc
996,rpiiuy,rpiiuyuvnxlgc@gmail.com,2611814583,www.rpiiuy.com,vrrcgoxaix
997,hyxmwmndvkwqd,hyxmwmndvkwqdkdngsdbnajlmli@gmail.com,5362554361,www.hyxmwmndvkwqd.com,pewmslnccfh
998,hrecmme,hrecmmelqvwclhn@gmail.com,3564426126,www.hrecmme.com,ouhmjwmkpkukrij
999,dhhtbaxlw,dhhtbaxlwpjaiqqnqgy@gmail.com,258451688,www.dhhtbaxlw.com,rtpsutacafujsj
1000,jcucvtg,jcucvtglvjuydrt@gmail.com,3660827442,www.jcucvtg.com,rtpsutacafujsj
